Predictor,Target,Accuracy
activiti_BB.csv,agrona_US.csv,0.5517241379310345
activiti_BB.csv,androidmaps_US.csv,0.5887096774193549
activiti_BB.csv,antennapod_MB.csv,0.5607142857142857
activiti_BB.csv,blaze_LB.csv,0.5819197764917182
activiti_BB.csv,commons_UB.csv,0.5832335329341317
activiti_BB.csv,daqeclipse_LB.csv,0.41266209000762777
activiti_BB.csv,dependencycheck_US.csv,0.5653206650831354
activiti_BB.csv,ebean_LB.csv,0.5080946450809465
activiti_BB.csv,exoplayer_MB.csv,0.5853904282115869
activiti_BB.csv,facebooksdk_BB.csv,0.5282106394411606
activiti_BB.csv,flowable_LB.csv,0.5587524708983088
activiti_BB.csv,googleauth_LS.csv,0.5021459227467812
activiti_BB.csv,gsyvideoplayer_MS.csv,0.5131810193321616
activiti_BB.csv,jabref_UB.csv,0.5818330605564648
activiti_BB.csv,javacv_MS.csv,0.453416149068323
activiti_BB.csv,jbpm_BB.csv,0.6097560975609756
activiti_BB.csv,jmock_LS.csv,0.5553539019963702
activiti_BB.csv,k9_UB.csv,0.4971751412429379
activiti_BB.csv,metadata_MS.csv,0.538135593220339
activiti_BB.csv,mindustry_MB.csv,0.7047058823529412
activiti_BB.csv,modernmt_BS.csv,0.5220125786163522
activiti_BB.csv,osmdroid_MB.csv,0.611228813559322
activiti_BB.csv,phonograph_MS.csv,0.5902964959568733
activiti_BB.csv,pipeline_US.csv,0.4608433734939759
activiti_BB.csv,qlexpress_BS.csv,0.6
activiti_BB.csv,rxjava_LB.csv,0.4917222848227442
activiti_BB.csv,seedstack_BS.csv,0.5704584040747029
activiti_BB.csv,sentinel_UB.csv,0.4896949711459192
activiti_BB.csv,snowflake_US.csv,0.4217687074829932
activiti_BB.csv,spark_BB.csv,0.586096256684492
activiti_BB.csv,springdock_LS.csv,0.5624621594349142
activiti_BB.csv,stroom_BB.csv,0.5458834630809153
activiti_BB.csv,sudachi_BS.csv,0.6716417910447762
activiti_BB.csv,talon_UB.csv,0.6246268656716418
activiti_BB.csv,tessera_BS.csv,0.6332574031890661
activiti_BB.csv,thumbnailator_LS.csv,0.45977011494252873
activiti_BB.csv,vinyl_MS.csv,0.58994708994709
activiti_BB.csv,yue_LS.csv,0.5170454545454546
activiti_BB.csv,zxing_MB.csv,0.6102088167053364
agrona_US.csv,activiti_BB.csv,0.49332621462893755
agrona_US.csv,androidmaps_US.csv,0.3870967741935484
agrona_US.csv,antennapod_MB.csv,0.4446428571428571
agrona_US.csv,blaze_LB.csv,0.5130712432648175
agrona_US.csv,commons_UB.csv,0.5125748502994012
agrona_US.csv,daqeclipse_LB.csv,0.593440122044241
agrona_US.csv,dependencycheck_US.csv,0.5961995249406176
agrona_US.csv,ebean_LB.csv,0.5859277708592777
agrona_US.csv,exoplayer_MB.csv,0.47758186397984886
agrona_US.csv,facebooksdk_BB.csv,0.42584631918323484
agrona_US.csv,flowable_LB.csv,0.4658466944871513
agrona_US.csv,googleauth_LS.csv,0.38626609442060084
agrona_US.csv,gsyvideoplayer_MS.csv,0.46572934973637964
agrona_US.csv,jabref_UB.csv,0.5
agrona_US.csv,javacv_MS.csv,0.484472049689441
agrona_US.csv,jbpm_BB.csv,0.5121951219512195
agrona_US.csv,jmock_LS.csv,0.5626134301270418
agrona_US.csv,k9_UB.csv,0.5062146892655367
agrona_US.csv,metadata_MS.csv,0.4639830508474576
agrona_US.csv,mindustry_MB.csv,0.45941176470588235
agrona_US.csv,modernmt_BS.csv,0.5471698113207547
agrona_US.csv,osmdroid_MB.csv,0.4459745762711864
agrona_US.csv,phonograph_MS.csv,0.48787061994609165
agrona_US.csv,pipeline_US.csv,0.4759036144578313
agrona_US.csv,qlexpress_BS.csv,0.5379310344827586
agrona_US.csv,rxjava_LB.csv,0.26774724798474475
agrona_US.csv,seedstack_BS.csv,0.5466893039049237
agrona_US.csv,sentinel_UB.csv,0.5523495465787304
agrona_US.csv,snowflake_US.csv,0.47392290249433106
agrona_US.csv,spark_BB.csv,0.3893048128342246
agrona_US.csv,springdock_LS.csv,0.4508577194752775
agrona_US.csv,stroom_BB.csv,0.5005897617362586
agrona_US.csv,sudachi_BS.csv,0.6119402985074627
agrona_US.csv,talon_UB.csv,0.408955223880597
agrona_US.csv,tessera_BS.csv,0.6036446469248291
agrona_US.csv,thumbnailator_LS.csv,0.5172413793103449
agrona_US.csv,vinyl_MS.csv,0.4708994708994709
agrona_US.csv,yue_LS.csv,0.5625
agrona_US.csv,zxing_MB.csv,0.4872389791183295
androidmaps_US.csv,activiti_BB.csv,0.5120128136679124
androidmaps_US.csv,agrona_US.csv,0.45689655172413796
androidmaps_US.csv,antennapod_MB.csv,0.5535714285714286
androidmaps_US.csv,blaze_LB.csv,0.5026940730393135
androidmaps_US.csv,commons_UB.csv,0.6431137724550898
androidmaps_US.csv,daqeclipse_LB.csv,0.059877955758962625
androidmaps_US.csv,dependencycheck_US.csv,0.5154394299287411
androidmaps_US.csv,ebean_LB.csv,0.2475093399750934
androidmaps_US.csv,exoplayer_MB.csv,0.7652392947103275
androidmaps_US.csv,facebooksdk_BB.csv,0.38876947877485224
androidmaps_US.csv,flowable_LB.csv,0.5903799692510433
androidmaps_US.csv,googleauth_LS.csv,0.7510729613733905
androidmaps_US.csv,gsyvideoplayer_MS.csv,0.46748681898066785
androidmaps_US.csv,jabref_UB.csv,0.660392798690671
androidmaps_US.csv,javacv_MS.csv,0.4409937888198758
androidmaps_US.csv,jbpm_BB.csv,0.5121951219512195
androidmaps_US.csv,jmock_LS.csv,0.4591651542649728
androidmaps_US.csv,k9_UB.csv,0.5525423728813559
androidmaps_US.csv,metadata_MS.csv,0.461864406779661
androidmaps_US.csv,mindustry_MB.csv,0.8070588235294117
androidmaps_US.csv,modernmt_BS.csv,0.3270440251572327
androidmaps_US.csv,osmdroid_MB.csv,0.663135593220339
androidmaps_US.csv,phonograph_MS.csv,0.7277628032345014
androidmaps_US.csv,pipeline_US.csv,0.20481927710843373
androidmaps_US.csv,qlexpress_BS.csv,0.3586206896551724
androidmaps_US.csv,rxjava_LB.csv,0.9490335442489382
androidmaps_US.csv,seedstack_BS.csv,0.22410865874363328
androidmaps_US.csv,sentinel_UB.csv,0.25309150865622426
androidmaps_US.csv,snowflake_US.csv,0.3401360544217687
androidmaps_US.csv,spark_BB.csv,0.8160427807486631
androidmaps_US.csv,springdock_LS.csv,0.8411705348133198
androidmaps_US.csv,stroom_BB.csv,0.5258315640481246
androidmaps_US.csv,sudachi_BS.csv,0.5597014925373134
androidmaps_US.csv,talon_UB.csv,0.7559701492537313
androidmaps_US.csv,tessera_BS.csv,0.3143507972665148
androidmaps_US.csv,thumbnailator_LS.csv,0.46551724137931033
androidmaps_US.csv,vinyl_MS.csv,0.6931216931216931
androidmaps_US.csv,yue_LS.csv,0.07386363636363637
androidmaps_US.csv,zxing_MB.csv,0.6310904872389791
antennapod_MB.csv,activiti_BB.csv,0.5435130806193272
antennapod_MB.csv,agrona_US.csv,0.5732758620689655
antennapod_MB.csv,androidmaps_US.csv,0.5725806451612904
antennapod_MB.csv,blaze_LB.csv,0.5557772899620834
antennapod_MB.csv,commons_UB.csv,0.6011976047904192
antennapod_MB.csv,daqeclipse_LB.csv,0.4774980930587338
antennapod_MB.csv,dependencycheck_US.csv,0.5605700712589073
antennapod_MB.csv,ebean_LB.csv,0.47198007471980075
antennapod_MB.csv,exoplayer_MB.csv,0.5959697732997481
antennapod_MB.csv,facebooksdk_BB.csv,0.4419666845781838
antennapod_MB.csv,flowable_LB.csv,0.5616077311662641
antennapod_MB.csv,googleauth_LS.csv,0.6351931330472103
antennapod_MB.csv,gsyvideoplayer_MS.csv,0.5992970123022847
antennapod_MB.csv,jabref_UB.csv,0.544189852700491
antennapod_MB.csv,javacv_MS.csv,0.484472049689441
antennapod_MB.csv,jbpm_BB.csv,0.5121951219512195
antennapod_MB.csv,jmock_LS.csv,0.4664246823956443
antennapod_MB.csv,k9_UB.csv,0.535593220338983
antennapod_MB.csv,metadata_MS.csv,0.5148305084745762
antennapod_MB.csv,mindustry_MB.csv,0.4864705882352941
antennapod_MB.csv,modernmt_BS.csv,0.610062893081761
antennapod_MB.csv,osmdroid_MB.csv,0.6197033898305084
antennapod_MB.csv,phonograph_MS.csv,0.5849056603773585
antennapod_MB.csv,pipeline_US.csv,0.4789156626506024
antennapod_MB.csv,qlexpress_BS.csv,0.5862068965517241
antennapod_MB.csv,rxjava_LB.csv,0.7070295570772298
antennapod_MB.csv,seedstack_BS.csv,0.5925297113752123
antennapod_MB.csv,sentinel_UB.csv,0.5762572135201979
antennapod_MB.csv,snowflake_US.csv,0.4988662131519274
antennapod_MB.csv,spark_BB.csv,0.6074866310160428
antennapod_MB.csv,springdock_LS.csv,0.18244197780020183
antennapod_MB.csv,stroom_BB.csv,0.5461193677754187
antennapod_MB.csv,sudachi_BS.csv,0.5597014925373134
antennapod_MB.csv,talon_UB.csv,0.6761194029850747
antennapod_MB.csv,tessera_BS.csv,0.6309794988610479
antennapod_MB.csv,thumbnailator_LS.csv,0.5229885057471264
antennapod_MB.csv,vinyl_MS.csv,0.5846560846560847
antennapod_MB.csv,yue_LS.csv,0.5284090909090909
antennapod_MB.csv,zxing_MB.csv,0.568445475638051
blaze_LB.csv,activiti_BB.csv,0.595835557928457
blaze_LB.csv,agrona_US.csv,0.5258620689655172
blaze_LB.csv,androidmaps_US.csv,0.5725806451612904
blaze_LB.csv,antennapod_MB.csv,0.5607142857142857
blaze_LB.csv,commons_UB.csv,0.5820359281437125
blaze_LB.csv,daqeclipse_LB.csv,0.4607170099160946
blaze_LB.csv,dependencycheck_US.csv,0.5439429928741093
blaze_LB.csv,ebean_LB.csv,0.4663760896637609
blaze_LB.csv,exoplayer_MB.csv,0.5732997481108313
blaze_LB.csv,facebooksdk_BB.csv,0.44223535733476627
blaze_LB.csv,flowable_LB.csv,0.5359103887546672
blaze_LB.csv,googleauth_LS.csv,0.5708154506437768
blaze_LB.csv,gsyvideoplayer_MS.csv,0.5254833040421792
blaze_LB.csv,jabref_UB.csv,0.5507364975450082
blaze_LB.csv,javacv_MS.csv,0.42857142857142855
blaze_LB.csv,jbpm_BB.csv,0.5609756097560976
blaze_LB.csv,jmock_LS.csv,0.5081669691470054
blaze_LB.csv,k9_UB.csv,0.5186440677966102
blaze_LB.csv,metadata_MS.csv,0.5211864406779662
blaze_LB.csv,mindustry_MB.csv,0.5376470588235294
blaze_LB.csv,modernmt_BS.csv,0.559748427672956
blaze_LB.csv,osmdroid_MB.csv,0.5572033898305084
blaze_LB.csv,phonograph_MS.csv,0.5067385444743935
blaze_LB.csv,pipeline_US.csv,0.5301204819277109
blaze_LB.csv,qlexpress_BS.csv,0.5793103448275863
blaze_LB.csv,rxjava_LB.csv,0.6307532287423073
blaze_LB.csv,seedstack_BS.csv,0.6247877758913413
blaze_LB.csv,sentinel_UB.csv,0.5416323165704864
blaze_LB.csv,snowflake_US.csv,0.5532879818594104
blaze_LB.csv,spark_BB.csv,0.5732620320855615
blaze_LB.csv,springdock_LS.csv,0.3360242179616549
blaze_LB.csv,stroom_BB.csv,0.5163953762679877
blaze_LB.csv,sudachi_BS.csv,0.5970149253731343
blaze_LB.csv,talon_UB.csv,0.6373134328358209
blaze_LB.csv,tessera_BS.csv,0.5763097949886105
blaze_LB.csv,thumbnailator_LS.csv,0.5459770114942529
blaze_LB.csv,vinyl_MS.csv,0.5264550264550265
blaze_LB.csv,yue_LS.csv,0.5056818181818182
blaze_LB.csv,zxing_MB.csv,0.5359628770301624
commons_UB.csv,activiti_BB.csv,0.5339028296849974
commons_UB.csv,agrona_US.csv,0.5431034482758621
commons_UB.csv,androidmaps_US.csv,0.5483870967741935
commons_UB.csv,antennapod_MB.csv,0.5428571428571428
commons_UB.csv,blaze_LB.csv,0.544003192975454
commons_UB.csv,daqeclipse_LB.csv,0.2601067887109077
commons_UB.csv,dependencycheck_US.csv,0.5653206650831354
commons_UB.csv,ebean_LB.csv,0.36924034869240346
commons_UB.csv,exoplayer_MB.csv,0.6554156171284635
commons_UB.csv,facebooksdk_BB.csv,0.4580870499731327
commons_UB.csv,flowable_LB.csv,0.5602899187349001
commons_UB.csv,googleauth_LS.csv,0.648068669527897
commons_UB.csv,gsyvideoplayer_MS.csv,0.5325131810193322
commons_UB.csv,jabref_UB.csv,0.6284779050736498
commons_UB.csv,javacv_MS.csv,0.5279503105590062
commons_UB.csv,jbpm_BB.csv,0.5853658536585366
commons_UB.csv,jmock_LS.csv,0.46823956442831216
commons_UB.csv,k9_UB.csv,0.5265536723163842
commons_UB.csv,metadata_MS.csv,0.4766949152542373
commons_UB.csv,mindustry_MB.csv,0.6905882352941176
commons_UB.csv,modernmt_BS.csv,0.4025157232704403
commons_UB.csv,osmdroid_MB.csv,0.6239406779661016
commons_UB.csv,phonograph_MS.csv,0.660377358490566
commons_UB.csv,pipeline_US.csv,0.34036144578313254
commons_UB.csv,qlexpress_BS.csv,0.47586206896551725
commons_UB.csv,rxjava_LB.csv,0.7384935425153852
commons_UB.csv,seedstack_BS.csv,0.4227504244482173
commons_UB.csv,sentinel_UB.csv,0.4179719703215169
commons_UB.csv,snowflake_US.csv,0.46485260770975056
commons_UB.csv,spark_BB.csv,0.7026737967914438
commons_UB.csv,springdock_LS.csv,0.6177598385469223
commons_UB.csv,stroom_BB.csv,0.552488794527011
commons_UB.csv,sudachi_BS.csv,0.6044776119402985
commons_UB.csv,talon_UB.csv,0.6373134328358209
commons_UB.csv,tessera_BS.csv,0.45558086560364464
commons_UB.csv,thumbnailator_LS.csv,0.5
commons_UB.csv,vinyl_MS.csv,0.5925925925925926
commons_UB.csv,yue_LS.csv,0.3806818181818182
commons_UB.csv,zxing_MB.csv,0.6194895591647331
daqeclipse_LB.csv,activiti_BB.csv,0.4965296316070475
daqeclipse_LB.csv,agrona_US.csv,0.5129310344827587
daqeclipse_LB.csv,androidmaps_US.csv,0.14516129032258066
daqeclipse_LB.csv,antennapod_MB.csv,0.46785714285714286
daqeclipse_LB.csv,blaze_LB.csv,0.5192576332069447
daqeclipse_LB.csv,commons_UB.csv,0.33532934131736525
daqeclipse_LB.csv,dependencycheck_US.csv,0.49643705463182897
daqeclipse_LB.csv,ebean_LB.csv,0.7867372353673724
daqeclipse_LB.csv,exoplayer_MB.csv,0.21763224181360202
daqeclipse_LB.csv,facebooksdk_BB.csv,0.6112305212251478
daqeclipse_LB.csv,flowable_LB.csv,0.4175269053371403
daqeclipse_LB.csv,googleauth_LS.csv,0.2446351931330472
daqeclipse_LB.csv,gsyvideoplayer_MS.csv,0.5360281195079086
daqeclipse_LB.csv,jabref_UB.csv,0.323240589198036
daqeclipse_LB.csv,javacv_MS.csv,0.5279503105590062
daqeclipse_LB.csv,jbpm_BB.csv,0.5121951219512195
daqeclipse_LB.csv,jmock_LS.csv,0.5553539019963702
daqeclipse_LB.csv,k9_UB.csv,0.4485875706214689
daqeclipse_LB.csv,metadata_MS.csv,0.5444915254237288
daqeclipse_LB.csv,mindustry_MB.csv,0.12764705882352942
daqeclipse_LB.csv,modernmt_BS.csv,0.6981132075471698
daqeclipse_LB.csv,osmdroid_MB.csv,0.3315677966101695
daqeclipse_LB.csv,phonograph_MS.csv,0.25067385444743934
daqeclipse_LB.csv,pipeline_US.csv,0.8313253012048193
daqeclipse_LB.csv,qlexpress_BS.csv,0.6689655172413793
daqeclipse_LB.csv,rxjava_LB.csv,0.03683799947993412
daqeclipse_LB.csv,seedstack_BS.csv,0.8624787775891342
daqeclipse_LB.csv,sentinel_UB.csv,0.7691673536685902
daqeclipse_LB.csv,snowflake_US.csv,0.7029478458049887
daqeclipse_LB.csv,spark_BB.csv,0.17754010695187167
daqeclipse_LB.csv,springdock_LS.csv,0.030272452068617558
daqeclipse_LB.csv,stroom_BB.csv,0.48077376739797123
daqeclipse_LB.csv,sudachi_BS.csv,0.4253731343283582
daqeclipse_LB.csv,talon_UB.csv,0.24104477611940298
daqeclipse_LB.csv,tessera_BS.csv,0.7539863325740319
daqeclipse_LB.csv,thumbnailator_LS.csv,0.5229885057471264
daqeclipse_LB.csv,vinyl_MS.csv,0.30687830687830686
daqeclipse_LB.csv,yue_LS.csv,0.9545454545454546
daqeclipse_LB.csv,zxing_MB.csv,0.3805104408352668
dependencycheck_US.csv,activiti_BB.csv,0.5755472504004271
dependencycheck_US.csv,agrona_US.csv,0.4870689655172414
dependencycheck_US.csv,androidmaps_US.csv,0.5645161290322581
dependencycheck_US.csv,antennapod_MB.csv,0.5196428571428572
dependencycheck_US.csv,blaze_LB.csv,0.5705448014368389
dependencycheck_US.csv,commons_UB.csv,0.5700598802395209
dependencycheck_US.csv,daqeclipse_LB.csv,0.5717009916094584
dependencycheck_US.csv,ebean_LB.csv,0.5127646326276464
dependencycheck_US.csv,exoplayer_MB.csv,0.4544080604534005
dependencycheck_US.csv,facebooksdk_BB.csv,0.515045674368619
dependencycheck_US.csv,flowable_LB.csv,0.5378871074017132
dependencycheck_US.csv,googleauth_LS.csv,0.4592274678111588
dependencycheck_US.csv,gsyvideoplayer_MS.csv,0.5166959578207382
dependencycheck_US.csv,jabref_UB.csv,0.4762684124386252
dependencycheck_US.csv,javacv_MS.csv,0.453416149068323
dependencycheck_US.csv,jbpm_BB.csv,0.5121951219512195
dependencycheck_US.csv,jmock_LS.csv,0.5263157894736842
dependencycheck_US.csv,k9_UB.csv,0.4915254237288136
dependencycheck_US.csv,metadata_MS.csv,0.6016949152542372
dependencycheck_US.csv,mindustry_MB.csv,0.3911764705882353
dependencycheck_US.csv,modernmt_BS.csv,0.6163522012578616
dependencycheck_US.csv,osmdroid_MB.csv,0.5328389830508474
dependencycheck_US.csv,phonograph_MS.csv,0.49865229110512127
dependencycheck_US.csv,pipeline_US.csv,0.5933734939759037
dependencycheck_US.csv,qlexpress_BS.csv,0.7448275862068966
dependencycheck_US.csv,rxjava_LB.csv,0.5790933518245645
dependencycheck_US.csv,seedstack_BS.csv,0.7045840407470289
dependencycheck_US.csv,sentinel_UB.csv,0.6075845012366035
dependencycheck_US.csv,snowflake_US.csv,0.5102040816326531
dependencycheck_US.csv,spark_BB.csv,0.5358288770053476
dependencycheck_US.csv,springdock_LS.csv,0.31442986881937435
dependencycheck_US.csv,stroom_BB.csv,0.5286624203821656
dependencycheck_US.csv,sudachi_BS.csv,0.6268656716417911
dependencycheck_US.csv,talon_UB.csv,0.44402985074626866
dependencycheck_US.csv,tessera_BS.csv,0.6651480637813212
dependencycheck_US.csv,thumbnailator_LS.csv,0.5402298850574713
dependencycheck_US.csv,vinyl_MS.csv,0.5079365079365079
dependencycheck_US.csv,yue_LS.csv,0.7329545454545454
dependencycheck_US.csv,zxing_MB.csv,0.5707656612529002
ebean_LB.csv,activiti_BB.csv,0.5408435664709023
ebean_LB.csv,agrona_US.csv,0.5387931034482759
ebean_LB.csv,androidmaps_US.csv,0.3548387096774194
ebean_LB.csv,antennapod_MB.csv,0.5214285714285715
ebean_LB.csv,blaze_LB.csv,0.5477948513270804
ebean_LB.csv,commons_UB.csv,0.45149700598802395
ebean_LB.csv,daqeclipse_LB.csv,0.7925247902364607
ebean_LB.csv,dependencycheck_US.csv,0.5724465558194775
ebean_LB.csv,exoplayer_MB.csv,0.35919395465994963
ebean_LB.csv,facebooksdk_BB.csv,0.5951101558301988
ebean_LB.csv,flowable_LB.csv,0.4616736217878322
ebean_LB.csv,googleauth_LS.csv,0.33905579399141633
ebean_LB.csv,gsyvideoplayer_MS.csv,0.5149384885764499
ebean_LB.csv,jabref_UB.csv,0.4247135842880524
ebean_LB.csv,javacv_MS.csv,0.5093167701863354
ebean_LB.csv,jbpm_BB.csv,0.5609756097560976
ebean_LB.csv,jmock_LS.csv,0.5553539019963702
ebean_LB.csv,k9_UB.csv,0.4971751412429379
ebean_LB.csv,metadata_MS.csv,0.5953389830508474
ebean_LB.csv,mindustry_MB.csv,0.5352941176470588
ebean_LB.csv,modernmt_BS.csv,0.6352201257861635
ebean_LB.csv,osmdroid_MB.csv,0.4544491525423729
ebean_LB.csv,phonograph_MS.csv,0.40431266846361186
ebean_LB.csv,pipeline_US.csv,0.713855421686747
ebean_LB.csv,qlexpress_BS.csv,0.7034482758620689
ebean_LB.csv,rxjava_LB.csv,0.14969229435728526
ebean_LB.csv,seedstack_BS.csv,0.7521222410865874
ebean_LB.csv,sentinel_UB.csv,0.6784830997526793
ebean_LB.csv,snowflake_US.csv,0.6462585034013606
ebean_LB.csv,spark_BB.csv,0.3625668449197861
ebean_LB.csv,springdock_LS.csv,0.26962663975782036
ebean_LB.csv,stroom_BB.csv,0.5133286152394433
ebean_LB.csv,sudachi_BS.csv,0.5373134328358209
ebean_LB.csv,talon_UB.csv,0.36343283582089553
ebean_LB.csv,tessera_BS.csv,0.6970387243735763
ebean_LB.csv,thumbnailator_LS.csv,0.5747126436781609
ebean_LB.csv,vinyl_MS.csv,0.42328042328042326
ebean_LB.csv,yue_LS.csv,0.8863636363636364
ebean_LB.csv,zxing_MB.csv,0.5034802784222738
exoplayer_MB.csv,activiti_BB.csv,0.5317672183662573
exoplayer_MB.csv,agrona_US.csv,0.5689655172413793
exoplayer_MB.csv,androidmaps_US.csv,0.7419354838709677
exoplayer_MB.csv,antennapod_MB.csv,0.5535714285714286
exoplayer_MB.csv,blaze_LB.csv,0.485332269008182
exoplayer_MB.csv,commons_UB.csv,0.6023952095808384
exoplayer_MB.csv,daqeclipse_LB.csv,0.19336384439359267
exoplayer_MB.csv,dependencycheck_US.csv,0.501187648456057
exoplayer_MB.csv,ebean_LB.csv,0.3107098381070984
exoplayer_MB.csv,facebooksdk_BB.csv,0.3936055883933369
exoplayer_MB.csv,flowable_LB.csv,0.5607291895453547
exoplayer_MB.csv,googleauth_LS.csv,0.6351931330472103
exoplayer_MB.csv,gsyvideoplayer_MS.csv,0.48154657293497366
exoplayer_MB.csv,jabref_UB.csv,0.6112929623567921
exoplayer_MB.csv,javacv_MS.csv,0.4906832298136646
exoplayer_MB.csv,jbpm_BB.csv,0.4146341463414634
exoplayer_MB.csv,jmock_LS.csv,0.49183303085299457
exoplayer_MB.csv,k9_UB.csv,0.5186440677966102
exoplayer_MB.csv,metadata_MS.csv,0.5084745762711864
exoplayer_MB.csv,mindustry_MB.csv,0.6870588235294117
exoplayer_MB.csv,modernmt_BS.csv,0.389937106918239
exoplayer_MB.csv,osmdroid_MB.csv,0.5963983050847458
exoplayer_MB.csv,phonograph_MS.csv,0.6711590296495957
exoplayer_MB.csv,pipeline_US.csv,0.3132530120481928
exoplayer_MB.csv,qlexpress_BS.csv,0.43448275862068964
exoplayer_MB.csv,rxjava_LB.csv,0.7085897547022623
exoplayer_MB.csv,seedstack_BS.csv,0.398981324278438
exoplayer_MB.csv,sentinel_UB.csv,0.36356141797197034
exoplayer_MB.csv,snowflake_US.csv,0.3424036281179138
exoplayer_MB.csv,spark_BB.csv,0.6203208556149733
exoplayer_MB.csv,springdock_LS.csv,0.44540867810292634
exoplayer_MB.csv,stroom_BB.csv,0.5263033734371314
exoplayer_MB.csv,sudachi_BS.csv,0.5522388059701493
exoplayer_MB.csv,talon_UB.csv,0.6634328358208955
exoplayer_MB.csv,tessera_BS.csv,0.3553530751708428
exoplayer_MB.csv,thumbnailator_LS.csv,0.47701149425287354
exoplayer_MB.csv,vinyl_MS.csv,0.6349206349206349
exoplayer_MB.csv,yue_LS.csv,0.2556818181818182
exoplayer_MB.csv,zxing_MB.csv,0.605568445475638
facebooksdk_BB.csv,activiti_BB.csv,0.4783769353977576
facebooksdk_BB.csv,agrona_US.csv,0.46551724137931033
facebooksdk_BB.csv,androidmaps_US.csv,0.6129032258064516
facebooksdk_BB.csv,antennapod_MB.csv,0.5482142857142858
facebooksdk_BB.csv,blaze_LB.csv,0.47794851327080423
facebooksdk_BB.csv,commons_UB.csv,0.5245508982035928
facebooksdk_BB.csv,daqeclipse_LB.csv,0.34706331045003813
facebooksdk_BB.csv,dependencycheck_US.csv,0.4845605700712589
facebooksdk_BB.csv,ebean_LB.csv,0.5068493150684932
facebooksdk_BB.csv,exoplayer_MB.csv,0.580352644836272
facebooksdk_BB.csv,flowable_LB.csv,0.5135075774214803
facebooksdk_BB.csv,googleauth_LS.csv,0.6094420600858369
facebooksdk_BB.csv,gsyvideoplayer_MS.csv,0.4833040421792619
facebooksdk_BB.csv,jabref_UB.csv,0.5360065466448445
facebooksdk_BB.csv,javacv_MS.csv,0.4782608695652174
facebooksdk_BB.csv,jbpm_BB.csv,0.4878048780487805
facebooksdk_BB.csv,jmock_LS.csv,0.4809437386569873
facebooksdk_BB.csv,k9_UB.csv,0.5299435028248588
facebooksdk_BB.csv,metadata_MS.csv,0.5466101694915254
facebooksdk_BB.csv,mindustry_MB.csv,0.5541176470588235
facebooksdk_BB.csv,modernmt_BS.csv,0.559748427672956
facebooksdk_BB.csv,osmdroid_MB.csv,0.573093220338983
facebooksdk_BB.csv,phonograph_MS.csv,0.5175202156334232
facebooksdk_BB.csv,pipeline_US.csv,0.4036144578313253
facebooksdk_BB.csv,qlexpress_BS.csv,0.43448275862068964
facebooksdk_BB.csv,rxjava_LB.csv,0.590014735199792
facebooksdk_BB.csv,seedstack_BS.csv,0.3853989813242784
facebooksdk_BB.csv,sentinel_UB.csv,0.4583676834295136
facebooksdk_BB.csv,snowflake_US.csv,0.4512471655328798
facebooksdk_BB.csv,spark_BB.csv,0.5957219251336898
facebooksdk_BB.csv,springdock_LS.csv,0.5537840565085772
facebooksdk_BB.csv,stroom_BB.csv,0.4854918612880396
facebooksdk_BB.csv,sudachi_BS.csv,0.5298507462686567
facebooksdk_BB.csv,talon_UB.csv,0.608955223880597
facebooksdk_BB.csv,tessera_BS.csv,0.41002277904328016
facebooksdk_BB.csv,thumbnailator_LS.csv,0.47701149425287354
facebooksdk_BB.csv,vinyl_MS.csv,0.5476190476190477
facebooksdk_BB.csv,yue_LS.csv,0.29545454545454547
facebooksdk_BB.csv,zxing_MB.csv,0.5150812064965197
flowable_LB.csv,activiti_BB.csv,0.593699946609717
flowable_LB.csv,agrona_US.csv,0.5344827586206896
flowable_LB.csv,androidmaps_US.csv,0.5806451612903226
flowable_LB.csv,antennapod_MB.csv,0.5732142857142857
flowable_LB.csv,blaze_LB.csv,0.576132508481341
flowable_LB.csv,commons_UB.csv,0.5892215568862276
flowable_LB.csv,daqeclipse_LB.csv,0.37490465293668956
flowable_LB.csv,dependencycheck_US.csv,0.5273159144893111
flowable_LB.csv,ebean_LB.csv,0.43119551681195517
flowable_LB.csv,exoplayer_MB.csv,0.5198992443324937
flowable_LB.csv,facebooksdk_BB.csv,0.4234282643739925
flowable_LB.csv,googleauth_LS.csv,0.6094420600858369
flowable_LB.csv,gsyvideoplayer_MS.csv,0.5711775043936731
flowable_LB.csv,jabref_UB.csv,0.5990180032733224
flowable_LB.csv,javacv_MS.csv,0.4968944099378882
flowable_LB.csv,jbpm_BB.csv,0.5121951219512195
flowable_LB.csv,jmock_LS.csv,0.4573502722323049
flowable_LB.csv,k9_UB.csv,0.519774011299435
flowable_LB.csv,metadata_MS.csv,0.5550847457627118
flowable_LB.csv,mindustry_MB.csv,0.6805882352941176
flowable_LB.csv,modernmt_BS.csv,0.4779874213836478
flowable_LB.csv,osmdroid_MB.csv,0.5932203389830508
flowable_LB.csv,phonograph_MS.csv,0.6172506738544474
flowable_LB.csv,pipeline_US.csv,0.4578313253012048
flowable_LB.csv,qlexpress_BS.csv,0.5103448275862069
flowable_LB.csv,rxjava_LB.csv,0.7367599895986825
flowable_LB.csv,seedstack_BS.csv,0.5382003395585738
flowable_LB.csv,sentinel_UB.csv,0.4748557295960429
flowable_LB.csv,snowflake_US.csv,0.5238095238095238
flowable_LB.csv,spark_BB.csv,0.6759358288770053
flowable_LB.csv,springdock_LS.csv,0.5838546922300706
flowable_LB.csv,stroom_BB.csv,0.5281906109931588
flowable_LB.csv,sudachi_BS.csv,0.5149253731343284
flowable_LB.csv,talon_UB.csv,0.65
flowable_LB.csv,tessera_BS.csv,0.6036446469248291
flowable_LB.csv,thumbnailator_LS.csv,0.4425287356321839
flowable_LB.csv,vinyl_MS.csv,0.5952380952380952
flowable_LB.csv,yue_LS.csv,0.6022727272727273
flowable_LB.csv,zxing_MB.csv,0.5591647331786543
googleauth_LS.csv,activiti_BB.csv,0.5451147891083823
googleauth_LS.csv,agrona_US.csv,0.5172413793103449
googleauth_LS.csv,androidmaps_US.csv,0.6693548387096774
googleauth_LS.csv,antennapod_MB.csv,0.5482142857142858
googleauth_LS.csv,blaze_LB.csv,0.5338255837158252
googleauth_LS.csv,commons_UB.csv,0.6263473053892216
googleauth_LS.csv,daqeclipse_LB.csv,0.2334096109839817
googleauth_LS.csv,dependencycheck_US.csv,0.6009501187648456
googleauth_LS.csv,ebean_LB.csv,0.3240971357409714
googleauth_LS.csv,exoplayer_MB.csv,0.6105793450881613
googleauth_LS.csv,facebooksdk_BB.csv,0.4016657710908114
googleauth_LS.csv,flowable_LB.csv,0.5763233033164946
googleauth_LS.csv,gsyvideoplayer_MS.csv,0.5202108963093146
googleauth_LS.csv,jabref_UB.csv,0.6194762684124386
googleauth_LS.csv,javacv_MS.csv,0.4906832298136646
googleauth_LS.csv,jbpm_BB.csv,0.5121951219512195
googleauth_LS.csv,jmock_LS.csv,0.47731397459165154
googleauth_LS.csv,k9_UB.csv,0.5299435028248588
googleauth_LS.csv,metadata_MS.csv,0.5190677966101694
googleauth_LS.csv,mindustry_MB.csv,0.7535294117647059
googleauth_LS.csv,modernmt_BS.csv,0.44654088050314467
googleauth_LS.csv,osmdroid_MB.csv,0.6366525423728814
googleauth_LS.csv,phonograph_MS.csv,0.660377358490566
googleauth_LS.csv,pipeline_US.csv,0.3373493975903614
googleauth_LS.csv,qlexpress_BS.csv,0.4206896551724138
googleauth_LS.csv,rxjava_LB.csv,0.8736239923723672
googleauth_LS.csv,seedstack_BS.csv,0.2903225806451613
googleauth_LS.csv,sentinel_UB.csv,0.3998351195383347
googleauth_LS.csv,snowflake_US.csv,0.4308390022675737
googleauth_LS.csv,spark_BB.csv,0.7176470588235294
googleauth_LS.csv,springdock_LS.csv,0.787891019172553
googleauth_LS.csv,stroom_BB.csv,0.5298419438546828
googleauth_LS.csv,sudachi_BS.csv,0.6044776119402985
googleauth_LS.csv,talon_UB.csv,0.6925373134328359
googleauth_LS.csv,tessera_BS.csv,0.3804100227790433
googleauth_LS.csv,thumbnailator_LS.csv,0.4367816091954023
googleauth_LS.csv,vinyl_MS.csv,0.6111111111111112
googleauth_LS.csv,yue_LS.csv,0.42045454545454547
googleauth_LS.csv,zxing_MB.csv,0.5939675174013921
gsyvideoplayer_MS.csv,activiti_BB.csv,0.5675387079551522
gsyvideoplayer_MS.csv,agrona_US.csv,0.5086206896551724
gsyvideoplayer_MS.csv,androidmaps_US.csv,0.3387096774193548
gsyvideoplayer_MS.csv,antennapod_MB.csv,0.5375
gsyvideoplayer_MS.csv,blaze_LB.csv,0.5745360207543404
gsyvideoplayer_MS.csv,commons_UB.csv,0.4491017964071856
gsyvideoplayer_MS.csv,daqeclipse_LB.csv,0.6910755148741419
gsyvideoplayer_MS.csv,dependencycheck_US.csv,0.5130641330166271
gsyvideoplayer_MS.csv,ebean_LB.csv,0.565068493150685
gsyvideoplayer_MS.csv,exoplayer_MB.csv,0.3380352644836272
gsyvideoplayer_MS.csv,facebooksdk_BB.csv,0.5075228371843095
gsyvideoplayer_MS.csv,flowable_LB.csv,0.5264660663298923
gsyvideoplayer_MS.csv,googleauth_LS.csv,0.4978540772532189
gsyvideoplayer_MS.csv,jabref_UB.csv,0.43044189852700493
gsyvideoplayer_MS.csv,javacv_MS.csv,0.5900621118012422
gsyvideoplayer_MS.csv,jbpm_BB.csv,0.5853658536585366
gsyvideoplayer_MS.csv,jmock_LS.csv,0.5571687840290381
gsyvideoplayer_MS.csv,k9_UB.csv,0.48700564971751414
gsyvideoplayer_MS.csv,metadata_MS.csv,0.548728813559322
gsyvideoplayer_MS.csv,mindustry_MB.csv,0.48823529411764705
gsyvideoplayer_MS.csv,modernmt_BS.csv,0.7232704402515723
gsyvideoplayer_MS.csv,osmdroid_MB.csv,0.524364406779661
gsyvideoplayer_MS.csv,phonograph_MS.csv,0.40970350404312667
gsyvideoplayer_MS.csv,pipeline_US.csv,0.5963855421686747
gsyvideoplayer_MS.csv,qlexpress_BS.csv,0.6137931034482759
gsyvideoplayer_MS.csv,rxjava_LB.csv,0.3556383808615758
gsyvideoplayer_MS.csv,seedstack_BS.csv,0.7606112054329371
gsyvideoplayer_MS.csv,sentinel_UB.csv,0.606760098928277
gsyvideoplayer_MS.csv,snowflake_US.csv,0.6485260770975056
gsyvideoplayer_MS.csv,spark_BB.csv,0.509090909090909
gsyvideoplayer_MS.csv,springdock_LS.csv,0.5398587285570131
gsyvideoplayer_MS.csv,stroom_BB.csv,0.4998820476527483
gsyvideoplayer_MS.csv,sudachi_BS.csv,0.47761194029850745
gsyvideoplayer_MS.csv,talon_UB.csv,0.6186567164179104
gsyvideoplayer_MS.csv,tessera_BS.csv,0.6264236902050114
gsyvideoplayer_MS.csv,thumbnailator_LS.csv,0.47701149425287354
gsyvideoplayer_MS.csv,vinyl_MS.csv,0.46296296296296297
gsyvideoplayer_MS.csv,yue_LS.csv,0.7954545454545454
gsyvideoplayer_MS.csv,zxing_MB.csv,0.45011600928074247
jabref_UB.csv,activiti_BB.csv,0.5467164975974372
jabref_UB.csv,agrona_US.csv,0.5258620689655172
jabref_UB.csv,androidmaps_US.csv,0.6935483870967742
jabref_UB.csv,antennapod_MB.csv,0.575
jabref_UB.csv,blaze_LB.csv,0.5671522650169627
jabref_UB.csv,commons_UB.csv,0.6706586826347305
jabref_UB.csv,daqeclipse_LB.csv,0.2295957284515637
jabref_UB.csv,dependencycheck_US.csv,0.5581947743467933
jabref_UB.csv,ebean_LB.csv,0.3334371108343711
jabref_UB.csv,exoplayer_MB.csv,0.7017632241813602
jabref_UB.csv,facebooksdk_BB.csv,0.36055883933369154
jabref_UB.csv,flowable_LB.csv,0.5673182517021744
jabref_UB.csv,googleauth_LS.csv,0.6738197424892703
jabref_UB.csv,gsyvideoplayer_MS.csv,0.5360281195079086
jabref_UB.csv,javacv_MS.csv,0.4968944099378882
jabref_UB.csv,jbpm_BB.csv,0.5609756097560976
jabref_UB.csv,jmock_LS.csv,0.47368421052631576
jabref_UB.csv,k9_UB.csv,0.5209039548022599
jabref_UB.csv,metadata_MS.csv,0.4936440677966102
jabref_UB.csv,mindustry_MB.csv,0.7035294117647058
jabref_UB.csv,modernmt_BS.csv,0.4716981132075472
jabref_UB.csv,osmdroid_MB.csv,0.6313559322033898
jabref_UB.csv,phonograph_MS.csv,0.6630727762803235
jabref_UB.csv,pipeline_US.csv,0.3102409638554217
jabref_UB.csv,qlexpress_BS.csv,0.5310344827586206
jabref_UB.csv,rxjava_LB.csv,0.7397937072029124
jabref_UB.csv,seedstack_BS.csv,0.4142614601018676
jabref_UB.csv,sentinel_UB.csv,0.427040395713108
jabref_UB.csv,snowflake_US.csv,0.4467120181405896
jabref_UB.csv,spark_BB.csv,0.6898395721925134
jabref_UB.csv,springdock_LS.csv,0.4958627648839556
jabref_UB.csv,stroom_BB.csv,0.5442321302193913
jabref_UB.csv,sudachi_BS.csv,0.6268656716417911
jabref_UB.csv,talon_UB.csv,0.6947761194029851
jabref_UB.csv,tessera_BS.csv,0.49430523917995445
jabref_UB.csv,thumbnailator_LS.csv,0.46551724137931033
jabref_UB.csv,vinyl_MS.csv,0.626984126984127
jabref_UB.csv,yue_LS.csv,0.4147727272727273
jabref_UB.csv,zxing_MB.csv,0.6589327146171694
javacv_MS.csv,activiti_BB.csv,0.49492792311799255
javacv_MS.csv,agrona_US.csv,0.5172413793103449
javacv_MS.csv,androidmaps_US.csv,0.3790322580645161
javacv_MS.csv,antennapod_MB.csv,0.5089285714285714
javacv_MS.csv,blaze_LB.csv,0.5298343643983237
javacv_MS.csv,commons_UB.csv,0.49820359281437127
javacv_MS.csv,daqeclipse_LB.csv,0.6235697940503433
javacv_MS.csv,dependencycheck_US.csv,0.4156769596199525
javacv_MS.csv,ebean_LB.csv,0.5196139476961394
javacv_MS.csv,exoplayer_MB.csv,0.39143576826196474
javacv_MS.csv,facebooksdk_BB.csv,0.569586243954863
javacv_MS.csv,flowable_LB.csv,0.5036239841862509
javacv_MS.csv,googleauth_LS.csv,0.4592274678111588
javacv_MS.csv,gsyvideoplayer_MS.csv,0.5289982425307557
javacv_MS.csv,jabref_UB.csv,0.49918166939443537
javacv_MS.csv,jbpm_BB.csv,0.4878048780487805
javacv_MS.csv,jmock_LS.csv,0.49727767695099817
javacv_MS.csv,k9_UB.csv,0.4858757062146893
javacv_MS.csv,metadata_MS.csv,0.4661016949152542
javacv_MS.csv,mindustry_MB.csv,0.6047058823529412
javacv_MS.csv,modernmt_BS.csv,0.4968553459119497
javacv_MS.csv,osmdroid_MB.csv,0.4872881355932203
javacv_MS.csv,phonograph_MS.csv,0.4582210242587601
javacv_MS.csv,pipeline_US.csv,0.4427710843373494
javacv_MS.csv,qlexpress_BS.csv,0.503448275862069
javacv_MS.csv,rxjava_LB.csv,0.532720811302765
javacv_MS.csv,seedstack_BS.csv,0.5823429541595926
javacv_MS.csv,sentinel_UB.csv,0.47238252267106345
javacv_MS.csv,snowflake_US.csv,0.562358276643991
javacv_MS.csv,spark_BB.csv,0.5390374331550802
javacv_MS.csv,springdock_LS.csv,0.5346115035317861
javacv_MS.csv,stroom_BB.csv,0.5168671856569945
javacv_MS.csv,sudachi_BS.csv,0.43283582089552236
javacv_MS.csv,talon_UB.csv,0.5246268656716417
javacv_MS.csv,tessera_BS.csv,0.4214123006833713
javacv_MS.csv,thumbnailator_LS.csv,0.43103448275862066
javacv_MS.csv,vinyl_MS.csv,0.4312169312169312
javacv_MS.csv,yue_LS.csv,0.6022727272727273
javacv_MS.csv,zxing_MB.csv,0.4431554524361949
jbpm_BB.csv,activiti_BB.csv,0.5088093966898024
jbpm_BB.csv,agrona_US.csv,0.4224137931034483
jbpm_BB.csv,androidmaps_US.csv,0.6290322580645161
jbpm_BB.csv,antennapod_MB.csv,0.5178571428571429
jbpm_BB.csv,blaze_LB.csv,0.4729594891239274
jbpm_BB.csv,commons_UB.csv,0.5377245508982036
jbpm_BB.csv,daqeclipse_LB.csv,0.4588100686498856
jbpm_BB.csv,dependencycheck_US.csv,0.5985748218527316
jbpm_BB.csv,ebean_LB.csv,0.45143212951432127
jbpm_BB.csv,exoplayer_MB.csv,0.6523929471032746
jbpm_BB.csv,facebooksdk_BB.csv,0.5265986029016658
jbpm_BB.csv,flowable_LB.csv,0.5073577860751153
jbpm_BB.csv,googleauth_LS.csv,0.5708154506437768
jbpm_BB.csv,gsyvideoplayer_MS.csv,0.5114235500878734
jbpm_BB.csv,jabref_UB.csv,0.5049099836333879
jbpm_BB.csv,javacv_MS.csv,0.4472049689440994
jbpm_BB.csv,jmock_LS.csv,0.5571687840290381
jbpm_BB.csv,k9_UB.csv,0.5242937853107345
jbpm_BB.csv,metadata_MS.csv,0.5190677966101694
jbpm_BB.csv,mindustry_MB.csv,0.6817647058823529
jbpm_BB.csv,modernmt_BS.csv,0.5471698113207547
jbpm_BB.csv,osmdroid_MB.csv,0.5550847457627118
jbpm_BB.csv,phonograph_MS.csv,0.5579514824797843
jbpm_BB.csv,pipeline_US.csv,0.5783132530120482
jbpm_BB.csv,qlexpress_BS.csv,0.5724137931034483
jbpm_BB.csv,rxjava_LB.csv,0.24512438242177342
jbpm_BB.csv,seedstack_BS.csv,0.4244482173174873
jbpm_BB.csv,sentinel_UB.csv,0.5375103050288541
jbpm_BB.csv,snowflake_US.csv,0.46258503401360546
jbpm_BB.csv,spark_BB.csv,0.4470588235294118
jbpm_BB.csv,springdock_LS.csv,0.6670030272452069
jbpm_BB.csv,stroom_BB.csv,0.4715734843123378
jbpm_BB.csv,sudachi_BS.csv,0.5895522388059702
jbpm_BB.csv,talon_UB.csv,0.4925373134328358
jbpm_BB.csv,tessera_BS.csv,0.4533029612756264
jbpm_BB.csv,thumbnailator_LS.csv,0.5804597701149425
jbpm_BB.csv,vinyl_MS.csv,0.5396825396825397
jbpm_BB.csv,yue_LS.csv,0.42613636363636365
jbpm_BB.csv,zxing_MB.csv,0.6473317865429234
jmock_LS.csv,activiti_BB.csv,0.5504538174052322
jmock_LS.csv,agrona_US.csv,0.6379310344827587
jmock_LS.csv,androidmaps_US.csv,0.4435483870967742
jmock_LS.csv,antennapod_MB.csv,0.45
jmock_LS.csv,blaze_LB.csv,0.5829175813210936
jmock_LS.csv,commons_UB.csv,0.5041916167664671
jmock_LS.csv,daqeclipse_LB.csv,0.5087719298245614
jmock_LS.csv,dependencycheck_US.csv,0.5296912114014252
jmock_LS.csv,ebean_LB.csv,0.44956413449564137
jmock_LS.csv,exoplayer_MB.csv,0.48916876574307305
jmock_LS.csv,facebooksdk_BB.csv,0.45110155830198817
jmock_LS.csv,flowable_LB.csv,0.5036239841862509
jmock_LS.csv,googleauth_LS.csv,0.5107296137339056
jmock_LS.csv,gsyvideoplayer_MS.csv,0.5940246045694201
jmock_LS.csv,jabref_UB.csv,0.516366612111293
jmock_LS.csv,javacv_MS.csv,0.5093167701863354
jmock_LS.csv,jbpm_BB.csv,0.5609756097560976
jmock_LS.csv,k9_UB.csv,0.4971751412429379
jmock_LS.csv,metadata_MS.csv,0.5529661016949152
jmock_LS.csv,mindustry_MB.csv,0.4976470588235294
jmock_LS.csv,modernmt_BS.csv,0.5408805031446541
jmock_LS.csv,osmdroid_MB.csv,0.5095338983050848
jmock_LS.csv,phonograph_MS.csv,0.5040431266846361
jmock_LS.csv,pipeline_US.csv,0.5813253012048193
jmock_LS.csv,qlexpress_BS.csv,0.6
jmock_LS.csv,rxjava_LB.csv,0.26601369506804196
jmock_LS.csv,seedstack_BS.csv,0.6774193548387096
jmock_LS.csv,sentinel_UB.csv,0.5894476504534213
jmock_LS.csv,snowflake_US.csv,0.48299319727891155
jmock_LS.csv,spark_BB.csv,0.4481283422459893
jmock_LS.csv,springdock_LS.csv,0.5265388496468214
jmock_LS.csv,stroom_BB.csv,0.5046001415428167
jmock_LS.csv,sudachi_BS.csv,0.5298507462686567
jmock_LS.csv,talon_UB.csv,0.4597014925373134
jmock_LS.csv,tessera_BS.csv,0.6173120728929385
jmock_LS.csv,thumbnailator_LS.csv,0.46551724137931033
jmock_LS.csv,vinyl_MS.csv,0.5079365079365079
jmock_LS.csv,yue_LS.csv,0.6193181818181818
jmock_LS.csv,zxing_MB.csv,0.5568445475638051
k9_UB.csv,activiti_BB.csv,0.45114789108382275
k9_UB.csv,agrona_US.csv,0.41810344827586204
k9_UB.csv,androidmaps_US.csv,0.6129032258064516
k9_UB.csv,antennapod_MB.csv,0.5107142857142857
k9_UB.csv,blaze_LB.csv,0.4901217321891838
k9_UB.csv,commons_UB.csv,0.5389221556886228
k9_UB.csv,daqeclipse_LB.csv,0.45118230358504957
k9_UB.csv,dependencycheck_US.csv,0.5130641330166271
k9_UB.csv,ebean_LB.csv,0.5121419676214197
k9_UB.csv,exoplayer_MB.csv,0.5602015113350126
k9_UB.csv,facebooksdk_BB.csv,0.45137023105857066
k9_UB.csv,flowable_LB.csv,0.5192180979573907
k9_UB.csv,googleauth_LS.csv,0.5965665236051502
k9_UB.csv,gsyvideoplayer_MS.csv,0.5149384885764499
k9_UB.csv,jabref_UB.csv,0.5237315875613748
k9_UB.csv,javacv_MS.csv,0.4720496894409938
k9_UB.csv,jbpm_BB.csv,0.4634146341463415
k9_UB.csv,jmock_LS.csv,0.4863883847549909
k9_UB.csv,metadata_MS.csv,0.5021186440677966
k9_UB.csv,mindustry_MB.csv,0.6352941176470588
k9_UB.csv,modernmt_BS.csv,0.4779874213836478
k9_UB.csv,osmdroid_MB.csv,0.5603813559322034
k9_UB.csv,phonograph_MS.csv,0.5983827493261455
k9_UB.csv,pipeline_US.csv,0.35843373493975905
k9_UB.csv,qlexpress_BS.csv,0.46206896551724136
k9_UB.csv,rxjava_LB.csv,0.6119441795960822
k9_UB.csv,seedstack_BS.csv,0.41765704584040747
k9_UB.csv,sentinel_UB.csv,0.5020610057708161
k9_UB.csv,snowflake_US.csv,0.5147392290249433
k9_UB.csv,spark_BB.csv,0.560427807486631
k9_UB.csv,springdock_LS.csv,0.34510595358224017
k9_UB.csv,stroom_BB.csv,0.48030195800896436
k9_UB.csv,sudachi_BS.csv,0.48507462686567165
k9_UB.csv,talon_UB.csv,0.5552238805970149
k9_UB.csv,tessera_BS.csv,0.4145785876993166
k9_UB.csv,thumbnailator_LS.csv,0.5057471264367817
k9_UB.csv,vinyl_MS.csv,0.582010582010582
k9_UB.csv,yue_LS.csv,0.5511363636363636
k9_UB.csv,zxing_MB.csv,0.5545243619489559
metadata_MS.csv,activiti_BB.csv,0.5776828617191672
metadata_MS.csv,agrona_US.csv,0.5818965517241379
metadata_MS.csv,androidmaps_US.csv,0.4596774193548387
metadata_MS.csv,antennapod_MB.csv,0.475
metadata_MS.csv,blaze_LB.csv,0.5805228497305926
metadata_MS.csv,commons_UB.csv,0.525748502994012
metadata_MS.csv,daqeclipse_LB.csv,0.494279176201373
metadata_MS.csv,dependencycheck_US.csv,0.6057007125890737
metadata_MS.csv,ebean_LB.csv,0.5273972602739726
metadata_MS.csv,exoplayer_MB.csv,0.4534005037783375
metadata_MS.csv,facebooksdk_BB.csv,0.5244492208490059
metadata_MS.csv,flowable_LB.csv,0.5200966395783
metadata_MS.csv,googleauth_LS.csv,0.4206008583690987
metadata_MS.csv,gsyvideoplayer_MS.csv,0.4780316344463972
metadata_MS.csv,jabref_UB.csv,0.5090016366612111
metadata_MS.csv,javacv_MS.csv,0.4409937888198758
metadata_MS.csv,jbpm_BB.csv,0.43902439024390244
metadata_MS.csv,jmock_LS.csv,0.5190562613430127
metadata_MS.csv,k9_UB.csv,0.5163841807909605
metadata_MS.csv,mindustry_MB.csv,0.3276470588235294
metadata_MS.csv,modernmt_BS.csv,0.610062893081761
metadata_MS.csv,osmdroid_MB.csv,0.527542372881356
metadata_MS.csv,phonograph_MS.csv,0.5148247978436657
metadata_MS.csv,pipeline_US.csv,0.6054216867469879
metadata_MS.csv,qlexpress_BS.csv,0.6758620689655173
metadata_MS.csv,rxjava_LB.csv,0.32495449423593653
metadata_MS.csv,seedstack_BS.csv,0.6400679117147708
metadata_MS.csv,sentinel_UB.csv,0.5828524319868096
metadata_MS.csv,snowflake_US.csv,0.5600907029478458
metadata_MS.csv,spark_BB.csv,0.42780748663101603
metadata_MS.csv,springdock_LS.csv,0.28718466195761855
metadata_MS.csv,stroom_BB.csv,0.5086105213493749
metadata_MS.csv,sudachi_BS.csv,0.6044776119402985
metadata_MS.csv,talon_UB.csv,0.43208955223880596
metadata_MS.csv,tessera_BS.csv,0.621867881548975
metadata_MS.csv,thumbnailator_LS.csv,0.6091954022988506
metadata_MS.csv,vinyl_MS.csv,0.5291005291005291
metadata_MS.csv,yue_LS.csv,0.6761363636363636
metadata_MS.csv,zxing_MB.csv,0.5939675174013921
mindustry_MB.csv,activiti_BB.csv,0.5157501334757074
mindustry_MB.csv,agrona_US.csv,0.5086206896551724
mindustry_MB.csv,androidmaps_US.csv,0.7016129032258065
mindustry_MB.csv,antennapod_MB.csv,0.5214285714285715
mindustry_MB.csv,blaze_LB.csv,0.5006984633805628
mindustry_MB.csv,commons_UB.csv,0.6131736526946108
mindustry_MB.csv,daqeclipse_LB.csv,0.2459954233409611
mindustry_MB.csv,dependencycheck_US.csv,0.5154394299287411
mindustry_MB.csv,ebean_LB.csv,0.3272104607721046
mindustry_MB.csv,exoplayer_MB.csv,0.7037783375314861
mindustry_MB.csv,facebooksdk_BB.csv,0.39682966147232673
mindustry_MB.csv,flowable_LB.csv,0.5304195036239842
mindustry_MB.csv,googleauth_LS.csv,0.5965665236051502
mindustry_MB.csv,gsyvideoplayer_MS.csv,0.44991212653778556
mindustry_MB.csv,jabref_UB.csv,0.6235679214402619
mindustry_MB.csv,javacv_MS.csv,0.4906832298136646
mindustry_MB.csv,jbpm_BB.csv,0.6585365853658537
mindustry_MB.csv,jmock_LS.csv,0.49183303085299457
mindustry_MB.csv,k9_UB.csv,0.5209039548022599
mindustry_MB.csv,metadata_MS.csv,0.4978813559322034
mindustry_MB.csv,modernmt_BS.csv,0.389937106918239
mindustry_MB.csv,osmdroid_MB.csv,0.5794491525423728
mindustry_MB.csv,phonograph_MS.csv,0.6549865229110512
mindustry_MB.csv,pipeline_US.csv,0.4036144578313253
mindustry_MB.csv,qlexpress_BS.csv,0.503448275862069
mindustry_MB.csv,rxjava_LB.csv,0.5592441709283176
mindustry_MB.csv,seedstack_BS.csv,0.2869269949066214
mindustry_MB.csv,sentinel_UB.csv,0.3800494641384996
mindustry_MB.csv,snowflake_US.csv,0.38095238095238093
mindustry_MB.csv,spark_BB.csv,0.6695187165775401
mindustry_MB.csv,springdock_LS.csv,0.7386478304742684
mindustry_MB.csv,stroom_BB.csv,0.5048360462373201
mindustry_MB.csv,sudachi_BS.csv,0.5298507462686567
mindustry_MB.csv,talon_UB.csv,0.5776119402985075
mindustry_MB.csv,tessera_BS.csv,0.4191343963553531
mindustry_MB.csv,thumbnailator_LS.csv,0.5632183908045977
mindustry_MB.csv,vinyl_MS.csv,0.582010582010582
mindustry_MB.csv,yue_LS.csv,0.2556818181818182
mindustry_MB.csv,zxing_MB.csv,0.5846867749419954
modernmt_BS.csv,activiti_BB.csv,0.5280298985584624
modernmt_BS.csv,agrona_US.csv,0.5
modernmt_BS.csv,androidmaps_US.csv,0.3225806451612903
modernmt_BS.csv,antennapod_MB.csv,0.49464285714285716
modernmt_BS.csv,blaze_LB.csv,0.5611654360407105
modernmt_BS.csv,commons_UB.csv,0.4598802395209581
modernmt_BS.csv,daqeclipse_LB.csv,0.7433257055682685
modernmt_BS.csv,dependencycheck_US.csv,0.5510688836104513
modernmt_BS.csv,ebean_LB.csv,0.6158156911581569
modernmt_BS.csv,exoplayer_MB.csv,0.4478589420654912
modernmt_BS.csv,facebooksdk_BB.csv,0.5091348737238044
modernmt_BS.csv,flowable_LB.csv,0.46826268394465187
modernmt_BS.csv,googleauth_LS.csv,0.37339055793991416
modernmt_BS.csv,gsyvideoplayer_MS.csv,0.5272407732864675
modernmt_BS.csv,jabref_UB.csv,0.4157119476268412
modernmt_BS.csv,javacv_MS.csv,0.4968944099378882
modernmt_BS.csv,jbpm_BB.csv,0.6341463414634146
modernmt_BS.csv,jmock_LS.csv,0.5517241379310345
modernmt_BS.csv,k9_UB.csv,0.47796610169491527
modernmt_BS.csv,metadata_MS.csv,0.5911016949152542
modernmt_BS.csv,mindustry_MB.csv,0.30470588235294116
modernmt_BS.csv,osmdroid_MB.csv,0.4597457627118644
modernmt_BS.csv,phonograph_MS.csv,0.37735849056603776
modernmt_BS.csv,pipeline_US.csv,0.7560240963855421
modernmt_BS.csv,qlexpress_BS.csv,0.6896551724137931
modernmt_BS.csv,rxjava_LB.csv,0.08676432348097425
modernmt_BS.csv,seedstack_BS.csv,0.7385398981324278
modernmt_BS.csv,sentinel_UB.csv,0.6859027205276175
modernmt_BS.csv,snowflake_US.csv,0.6281179138321995
modernmt_BS.csv,spark_BB.csv,0.30267379679144385
modernmt_BS.csv,springdock_LS.csv,0.13582240161453077
modernmt_BS.csv,stroom_BB.csv,0.49351262090115594
modernmt_BS.csv,sudachi_BS.csv,0.5
modernmt_BS.csv,talon_UB.csv,0.3455223880597015
modernmt_BS.csv,tessera_BS.csv,0.7357630979498861
modernmt_BS.csv,thumbnailator_LS.csv,0.5402298850574713
modernmt_BS.csv,vinyl_MS.csv,0.4312169312169312
modernmt_BS.csv,yue_LS.csv,0.75
modernmt_BS.csv,zxing_MB.csv,0.494199535962877
osmdroid_MB.csv,activiti_BB.csv,0.5878270154831821
osmdroid_MB.csv,agrona_US.csv,0.6163793103448276
osmdroid_MB.csv,androidmaps_US.csv,0.5483870967741935
osmdroid_MB.csv,antennapod_MB.csv,0.5714285714285714
osmdroid_MB.csv,blaze_LB.csv,0.5535821193374576
osmdroid_MB.csv,commons_UB.csv,0.5916167664670658
osmdroid_MB.csv,daqeclipse_LB.csv,0.2944317315026697
osmdroid_MB.csv,dependencycheck_US.csv,0.5938242280285035
osmdroid_MB.csv,ebean_LB.csv,0.3972602739726027
osmdroid_MB.csv,exoplayer_MB.csv,0.6418136020151134
osmdroid_MB.csv,facebooksdk_BB.csv,0.43874261149919397
osmdroid_MB.csv,flowable_LB.csv,0.5642433560289919
osmdroid_MB.csv,googleauth_LS.csv,0.703862660944206
osmdroid_MB.csv,gsyvideoplayer_MS.csv,0.5746924428822495
osmdroid_MB.csv,jabref_UB.csv,0.5891980360065466
osmdroid_MB.csv,javacv_MS.csv,0.4658385093167702
osmdroid_MB.csv,jbpm_BB.csv,0.4634146341463415
osmdroid_MB.csv,jmock_LS.csv,0.5607985480943739
osmdroid_MB.csv,k9_UB.csv,0.5299435028248588
osmdroid_MB.csv,metadata_MS.csv,0.576271186440678
osmdroid_MB.csv,mindustry_MB.csv,0.6335294117647059
osmdroid_MB.csv,modernmt_BS.csv,0.5723270440251572
osmdroid_MB.csv,phonograph_MS.csv,0.6873315363881402
osmdroid_MB.csv,pipeline_US.csv,0.3674698795180723
osmdroid_MB.csv,qlexpress_BS.csv,0.6068965517241379
osmdroid_MB.csv,rxjava_LB.csv,0.5768397330328509
osmdroid_MB.csv,seedstack_BS.csv,0.4702886247877759
osmdroid_MB.csv,sentinel_UB.csv,0.4666117065127782
osmdroid_MB.csv,snowflake_US.csv,0.49206349206349204
osmdroid_MB.csv,spark_BB.csv,0.6780748663101605
osmdroid_MB.csv,springdock_LS.csv,0.35782038345105954
osmdroid_MB.csv,stroom_BB.csv,0.5270110875206416
osmdroid_MB.csv,sudachi_BS.csv,0.5970149253731343
osmdroid_MB.csv,talon_UB.csv,0.7156716417910448
osmdroid_MB.csv,tessera_BS.csv,0.5558086560364465
osmdroid_MB.csv,thumbnailator_LS.csv,0.5517241379310345
osmdroid_MB.csv,vinyl_MS.csv,0.6507936507936508
osmdroid_MB.csv,yue_LS.csv,0.5227272727272727
osmdroid_MB.csv,zxing_MB.csv,0.5916473317865429
phonograph_MS.csv,activiti_BB.csv,0.5483182060864923
phonograph_MS.csv,agrona_US.csv,0.5
phonograph_MS.csv,androidmaps_US.csv,0.7580645161290323
phonograph_MS.csv,antennapod_MB.csv,0.5553571428571429
phonograph_MS.csv,blaze_LB.csv,0.503891438834564
phonograph_MS.csv,commons_UB.csv,0.6646706586826348
phonograph_MS.csv,daqeclipse_LB.csv,0.18802440884820748
phonograph_MS.csv,dependencycheck_US.csv,0.5890736342042755
phonograph_MS.csv,ebean_LB.csv,0.35772104607721045
phonograph_MS.csv,exoplayer_MB.csv,0.7244332493702771
phonograph_MS.csv,facebooksdk_BB.csv,0.45271359484148305
phonograph_MS.csv,flowable_LB.csv,0.5886228860092246
phonograph_MS.csv,googleauth_LS.csv,0.721030042918455
phonograph_MS.csv,gsyvideoplayer_MS.csv,0.4850615114235501
phonograph_MS.csv,jabref_UB.csv,0.6391162029459901
phonograph_MS.csv,javacv_MS.csv,0.4720496894409938
phonograph_MS.csv,jbpm_BB.csv,0.6097560975609756
phonograph_MS.csv,jmock_LS.csv,0.47005444646098005
phonograph_MS.csv,k9_UB.csv,0.5751412429378531
phonograph_MS.csv,metadata_MS.csv,0.4957627118644068
phonograph_MS.csv,mindustry_MB.csv,0.8405882352941176
phonograph_MS.csv,modernmt_BS.csv,0.4276729559748428
phonograph_MS.csv,osmdroid_MB.csv,0.6747881355932204
phonograph_MS.csv,pipeline_US.csv,0.2891566265060241
phonograph_MS.csv,qlexpress_BS.csv,0.4206896551724138
phonograph_MS.csv,rxjava_LB.csv,0.7761983184536708
phonograph_MS.csv,seedstack_BS.csv,0.3938879456706282
phonograph_MS.csv,sentinel_UB.csv,0.3577906018136851
phonograph_MS.csv,snowflake_US.csv,0.41723356009070295
phonograph_MS.csv,spark_BB.csv,0.7518716577540107
phonograph_MS.csv,springdock_LS.csv,0.6720484359233098
phonograph_MS.csv,stroom_BB.csv,0.5383345128568059
phonograph_MS.csv,sudachi_BS.csv,0.6791044776119403
phonograph_MS.csv,talon_UB.csv,0.7328358208955223
phonograph_MS.csv,tessera_BS.csv,0.37585421412300685
phonograph_MS.csv,thumbnailator_LS.csv,0.5114942528735632
phonograph_MS.csv,vinyl_MS.csv,0.7619047619047619
phonograph_MS.csv,yue_LS.csv,0.30113636363636365
phonograph_MS.csv,zxing_MB.csv,0.6264501160092807
pipeline_US.csv,activiti_BB.csv,0.5088093966898024
pipeline_US.csv,agrona_US.csv,0.4956896551724138
pipeline_US.csv,androidmaps_US.csv,0.22580645161290322
pipeline_US.csv,antennapod_MB.csv,0.46964285714285714
pipeline_US.csv,blaze_LB.csv,0.525044901217322
pipeline_US.csv,commons_UB.csv,0.3532934131736527
pipeline_US.csv,daqeclipse_LB.csv,0.9241037376048817
pipeline_US.csv,dependencycheck_US.csv,0.498812351543943
pipeline_US.csv,ebean_LB.csv,0.7521793275217933
pipeline_US.csv,exoplayer_MB.csv,0.27153652392947103
pipeline_US.csv,facebooksdk_BB.csv,0.5781837721655024
pipeline_US.csv,flowable_LB.csv,0.4504722161212387
pipeline_US.csv,googleauth_LS.csv,0.27896995708154504
pipeline_US.csv,gsyvideoplayer_MS.csv,0.5043936731107206
pipeline_US.csv,jabref_UB.csv,0.36824877250409166
pipeline_US.csv,javacv_MS.csv,0.4968944099378882
pipeline_US.csv,jbpm_BB.csv,0.5365853658536586
pipeline_US.csv,jmock_LS.csv,0.558983666061706
pipeline_US.csv,k9_UB.csv,0.4497175141242938
pipeline_US.csv,metadata_MS.csv,0.5614406779661016
pipeline_US.csv,mindustry_MB.csv,0.14588235294117646
pipeline_US.csv,modernmt_BS.csv,0.6855345911949685
pipeline_US.csv,osmdroid_MB.csv,0.3792372881355932
pipeline_US.csv,phonograph_MS.csv,0.30727762803234504
pipeline_US.csv,qlexpress_BS.csv,0.6620689655172414
pipeline_US.csv,rxjava_LB.csv,0.0724625119181763
pipeline_US.csv,seedstack_BS.csv,0.8200339558573854
pipeline_US.csv,sentinel_UB.csv,0.7279472382522671
pipeline_US.csv,snowflake_US.csv,0.655328798185941
pipeline_US.csv,spark_BB.csv,0.2160427807486631
pipeline_US.csv,springdock_LS.csv,0.06680121089808275
pipeline_US.csv,stroom_BB.csv,0.49610757254069354
pipeline_US.csv,sudachi_BS.csv,0.4552238805970149
pipeline_US.csv,talon_UB.csv,0.26343283582089555
pipeline_US.csv,tessera_BS.csv,0.7198177676537585
pipeline_US.csv,thumbnailator_LS.csv,0.5114942528735632
pipeline_US.csv,vinyl_MS.csv,0.3412698412698413
pipeline_US.csv,yue_LS.csv,0.9090909090909091
pipeline_US.csv,zxing_MB.csv,0.38979118329466356
qlexpress_BS.csv,activiti_BB.csv,0.5605979711692471
qlexpress_BS.csv,agrona_US.csv,0.5258620689655172
qlexpress_BS.csv,androidmaps_US.csv,0.3387096774193548
qlexpress_BS.csv,antennapod_MB.csv,0.5178571428571429
qlexpress_BS.csv,blaze_LB.csv,0.581121532628218
qlexpress_BS.csv,commons_UB.csv,0.5305389221556887
qlexpress_BS.csv,daqeclipse_LB.csv,0.7837528604118993
qlexpress_BS.csv,dependencycheck_US.csv,0.6532066508313539
qlexpress_BS.csv,ebean_LB.csv,0.6404109589041096
qlexpress_BS.csv,exoplayer_MB.csv,0.4080604534005038
qlexpress_BS.csv,facebooksdk_BB.csv,0.5
qlexpress_BS.csv,flowable_LB.csv,0.48188007906874586
qlexpress_BS.csv,googleauth_LS.csv,0.33905579399141633
qlexpress_BS.csv,gsyvideoplayer_MS.csv,0.5360281195079086
qlexpress_BS.csv,jabref_UB.csv,0.4410801963993453
qlexpress_BS.csv,javacv_MS.csv,0.515527950310559
qlexpress_BS.csv,jbpm_BB.csv,0.5365853658536586
qlexpress_BS.csv,jmock_LS.csv,0.5408348457350273
qlexpress_BS.csv,k9_UB.csv,0.4937853107344633
qlexpress_BS.csv,metadata_MS.csv,0.6080508474576272
qlexpress_BS.csv,mindustry_MB.csv,0.40588235294117647
qlexpress_BS.csv,modernmt_BS.csv,0.6792452830188679
qlexpress_BS.csv,osmdroid_MB.csv,0.5063559322033898
qlexpress_BS.csv,phonograph_MS.csv,0.3719676549865229
qlexpress_BS.csv,pipeline_US.csv,0.7168674698795181
qlexpress_BS.csv,rxjava_LB.csv,0.10696021496056167
qlexpress_BS.csv,seedstack_BS.csv,0.8234295415959253
qlexpress_BS.csv,sentinel_UB.csv,0.7221764220939819
qlexpress_BS.csv,snowflake_US.csv,0.6530612244897959
qlexpress_BS.csv,spark_BB.csv,0.32192513368983955
qlexpress_BS.csv,springdock_LS.csv,0.037134207870837536
qlexpress_BS.csv,stroom_BB.csv,0.4953998584571833
qlexpress_BS.csv,sudachi_BS.csv,0.6716417910447762
qlexpress_BS.csv,talon_UB.csv,0.417910447761194
qlexpress_BS.csv,tessera_BS.csv,0.7539863325740319
qlexpress_BS.csv,thumbnailator_LS.csv,0.5229885057471264
qlexpress_BS.csv,vinyl_MS.csv,0.41005291005291006
qlexpress_BS.csv,yue_LS.csv,0.9375
qlexpress_BS.csv,zxing_MB.csv,0.5452436194895591
rxjava_LB.csv,activiti_BB.csv,0.4965296316070475
rxjava_LB.csv,agrona_US.csv,0.4956896551724138
rxjava_LB.csv,androidmaps_US.csv,0.8387096774193549
rxjava_LB.csv,antennapod_MB.csv,0.5214285714285715
rxjava_LB.csv,blaze_LB.csv,0.48014368389543005
rxjava_LB.csv,commons_UB.csv,0.6598802395209581
rxjava_LB.csv,daqeclipse_LB.csv,0.016399694889397406
rxjava_LB.csv,dependencycheck_US.csv,0.5106888361045131
rxjava_LB.csv,ebean_LB.csv,0.22322540473225405
rxjava_LB.csv,exoplayer_MB.csv,0.7743073047858942
rxjava_LB.csv,facebooksdk_BB.csv,0.38876947877485224
rxjava_LB.csv,flowable_LB.csv,0.5791785635844499
rxjava_LB.csv,googleauth_LS.csv,0.7424892703862661
rxjava_LB.csv,gsyvideoplayer_MS.csv,0.46221441124780316
rxjava_LB.csv,jabref_UB.csv,0.6653027823240589
rxjava_LB.csv,javacv_MS.csv,0.45962732919254656
rxjava_LB.csv,jbpm_BB.csv,0.5121951219512195
rxjava_LB.csv,jmock_LS.csv,0.4500907441016334
rxjava_LB.csv,k9_UB.csv,0.5468926553672316
rxjava_LB.csv,metadata_MS.csv,0.4555084745762712
rxjava_LB.csv,mindustry_MB.csv,0.8670588235294118
rxjava_LB.csv,modernmt_BS.csv,0.32075471698113206
rxjava_LB.csv,osmdroid_MB.csv,0.6514830508474576
rxjava_LB.csv,phonograph_MS.csv,0.7358490566037735
rxjava_LB.csv,pipeline_US.csv,0.17771084337349397
rxjava_LB.csv,qlexpress_BS.csv,0.3448275862068966
rxjava_LB.csv,seedstack_BS.csv,0.15110356536502548
rxjava_LB.csv,sentinel_UB.csv,0.24896949711459193
rxjava_LB.csv,snowflake_US.csv,0.30612244897959184
rxjava_LB.csv,spark_BB.csv,0.8
rxjava_LB.csv,springdock_LS.csv,0.9687184661957619
rxjava_LB.csv,stroom_BB.csv,0.5123849964614295
rxjava_LB.csv,sudachi_BS.csv,0.5746268656716418
rxjava_LB.csv,talon_UB.csv,0.7477611940298508
rxjava_LB.csv,tessera_BS.csv,0.23917995444191345
rxjava_LB.csv,thumbnailator_LS.csv,0.4827586206896552
rxjava_LB.csv,vinyl_MS.csv,0.6746031746031746
rxjava_LB.csv,yue_LS.csv,0.045454545454545456
rxjava_LB.csv,zxing_MB.csv,0.617169373549884
seedstack_BS.csv,activiti_BB.csv,0.4906567004805125
seedstack_BS.csv,agrona_US.csv,0.5301724137931034
seedstack_BS.csv,androidmaps_US.csv,0.20161290322580644
seedstack_BS.csv,antennapod_MB.csv,0.4642857142857143
seedstack_BS.csv,blaze_LB.csv,0.5190580722410697
seedstack_BS.csv,commons_UB.csv,0.4239520958083832
seedstack_BS.csv,daqeclipse_LB.csv,0.8981693363844394
seedstack_BS.csv,dependencycheck_US.csv,0.5154394299287411
seedstack_BS.csv,ebean_LB.csv,0.7353673723536738
seedstack_BS.csv,exoplayer_MB.csv,0.2886649874055416
seedstack_BS.csv,facebooksdk_BB.csv,0.5738850080601827
seedstack_BS.csv,flowable_LB.csv,0.43202284208214364
seedstack_BS.csv,googleauth_LS.csv,0.27467811158798283
seedstack_BS.csv,gsyvideoplayer_MS.csv,0.5131810193321616
seedstack_BS.csv,jabref_UB.csv,0.35597381342062195
seedstack_BS.csv,javacv_MS.csv,0.5341614906832298
seedstack_BS.csv,jbpm_BB.csv,0.5121951219512195
seedstack_BS.csv,jmock_LS.csv,0.542649727767695
seedstack_BS.csv,k9_UB.csv,0.4429378531073446
seedstack_BS.csv,metadata_MS.csv,0.538135593220339
seedstack_BS.csv,mindustry_MB.csv,0.16470588235294117
seedstack_BS.csv,modernmt_BS.csv,0.6163522012578616
seedstack_BS.csv,osmdroid_MB.csv,0.3580508474576271
seedstack_BS.csv,phonograph_MS.csv,0.261455525606469
seedstack_BS.csv,pipeline_US.csv,0.7620481927710844
seedstack_BS.csv,qlexpress_BS.csv,0.6482758620689655
seedstack_BS.csv,rxjava_LB.csv,0.1178815983357892
seedstack_BS.csv,sentinel_UB.csv,0.7089859851607585
seedstack_BS.csv,snowflake_US.csv,0.6394557823129252
seedstack_BS.csv,spark_BB.csv,0.2320855614973262
seedstack_BS.csv,springdock_LS.csv,0.06942482341069627
seedstack_BS.csv,stroom_BB.csv,0.49610757254069354
seedstack_BS.csv,sudachi_BS.csv,0.44776119402985076
seedstack_BS.csv,talon_UB.csv,0.26044776119402985
seedstack_BS.csv,tessera_BS.csv,0.7289293849658315
seedstack_BS.csv,thumbnailator_LS.csv,0.41954022988505746
seedstack_BS.csv,vinyl_MS.csv,0.30158730158730157
seedstack_BS.csv,yue_LS.csv,0.8806818181818182
seedstack_BS.csv,zxing_MB.csv,0.4176334106728538
sentinel_UB.csv,activiti_BB.csv,0.5536572343833422
sentinel_UB.csv,agrona_US.csv,0.5129310344827587
sentinel_UB.csv,androidmaps_US.csv,0.3225806451612903
sentinel_UB.csv,antennapod_MB.csv,0.5285714285714286
sentinel_UB.csv,blaze_LB.csv,0.551985631610457
sentinel_UB.csv,commons_UB.csv,0.47065868263473054
sentinel_UB.csv,daqeclipse_LB.csv,0.8165522501906941
sentinel_UB.csv,dependencycheck_US.csv,0.5486935866983373
sentinel_UB.csv,ebean_LB.csv,0.6774595267745953
sentinel_UB.csv,exoplayer_MB.csv,0.3662468513853904
sentinel_UB.csv,facebooksdk_BB.csv,0.5803331542181622
sentinel_UB.csv,flowable_LB.csv,0.4836371623105645
sentinel_UB.csv,googleauth_LS.csv,0.4206008583690987
sentinel_UB.csv,gsyvideoplayer_MS.csv,0.5922671353251318
sentinel_UB.csv,jabref_UB.csv,0.4157119476268412
sentinel_UB.csv,javacv_MS.csv,0.4782608695652174
sentinel_UB.csv,jbpm_BB.csv,0.5853658536585366
sentinel_UB.csv,jmock_LS.csv,0.52994555353902
sentinel_UB.csv,k9_UB.csv,0.480225988700565
sentinel_UB.csv,metadata_MS.csv,0.548728813559322
sentinel_UB.csv,mindustry_MB.csv,0.37529411764705883
sentinel_UB.csv,modernmt_BS.csv,0.6540880503144654
sentinel_UB.csv,osmdroid_MB.csv,0.451271186440678
sentinel_UB.csv,phonograph_MS.csv,0.3881401617250674
sentinel_UB.csv,pipeline_US.csv,0.7469879518072289
sentinel_UB.csv,qlexpress_BS.csv,0.6689655172413793
sentinel_UB.csv,rxjava_LB.csv,0.3155933084857415
sentinel_UB.csv,seedstack_BS.csv,0.7894736842105263
sentinel_UB.csv,snowflake_US.csv,0.7006802721088435
sentinel_UB.csv,spark_BB.csv,0.3411764705882353
sentinel_UB.csv,springdock_LS.csv,0.16690211907164482
sentinel_UB.csv,stroom_BB.csv,0.5152158527954707
sentinel_UB.csv,sudachi_BS.csv,0.5447761194029851
sentinel_UB.csv,talon_UB.csv,0.39925373134328357
sentinel_UB.csv,tessera_BS.csv,0.7425968109339408
sentinel_UB.csv,thumbnailator_LS.csv,0.5747126436781609
sentinel_UB.csv,vinyl_MS.csv,0.3968253968253968
sentinel_UB.csv,yue_LS.csv,0.8579545454545454
sentinel_UB.csv,zxing_MB.csv,0.4895591647331787
snowflake_US.csv,activiti_BB.csv,0.49492792311799255
snowflake_US.csv,agrona_US.csv,0.5129310344827587
snowflake_US.csv,androidmaps_US.csv,0.22580645161290322
snowflake_US.csv,antennapod_MB.csv,0.5089285714285714
snowflake_US.csv,blaze_LB.csv,0.5004989024146876
snowflake_US.csv,commons_UB.csv,0.3664670658682635
snowflake_US.csv,daqeclipse_LB.csv,0.8733790999237223
snowflake_US.csv,dependencycheck_US.csv,0.46318289786223277
snowflake_US.csv,ebean_LB.csv,0.7101494396014943
snowflake_US.csv,exoplayer_MB.csv,0.25642317380352647
snowflake_US.csv,facebooksdk_BB.csv,0.6101558301988178
snowflake_US.csv,flowable_LB.csv,0.4465187788271469
snowflake_US.csv,googleauth_LS.csv,0.34763948497854075
snowflake_US.csv,gsyvideoplayer_MS.csv,0.5869947275922671
snowflake_US.csv,jabref_UB.csv,0.37152209492635024
snowflake_US.csv,javacv_MS.csv,0.5838509316770186
snowflake_US.csv,jbpm_BB.csv,0.5121951219512195
snowflake_US.csv,jmock_LS.csv,0.515426497277677
snowflake_US.csv,k9_UB.csv,0.4655367231638418
snowflake_US.csv,metadata_MS.csv,0.4915254237288136
snowflake_US.csv,mindustry_MB.csv,0.3382352941176471
snowflake_US.csv,modernmt_BS.csv,0.6226415094339622
snowflake_US.csv,osmdroid_MB.csv,0.4004237288135593
snowflake_US.csv,phonograph_MS.csv,0.3450134770889488
snowflake_US.csv,pipeline_US.csv,0.677710843373494
snowflake_US.csv,qlexpress_BS.csv,0.5310344827586206
snowflake_US.csv,rxjava_LB.csv,0.23567651902574327
snowflake_US.csv,seedstack_BS.csv,0.7045840407470289
snowflake_US.csv,sentinel_UB.csv,0.6760098928277
snowflake_US.csv,spark_BB.csv,0.35508021390374334
snowflake_US.csv,springdock_LS.csv,0.18728557013118063
snowflake_US.csv,stroom_BB.csv,0.48030195800896436
snowflake_US.csv,sudachi_BS.csv,0.44776119402985076
snowflake_US.csv,talon_UB.csv,0.3619402985074627
snowflake_US.csv,tessera_BS.csv,0.6150341685649203
snowflake_US.csv,thumbnailator_LS.csv,0.45977011494252873
snowflake_US.csv,vinyl_MS.csv,0.35714285714285715
snowflake_US.csv,yue_LS.csv,0.7556818181818182
snowflake_US.csv,zxing_MB.csv,0.39443155452436196
spark_BB.csv,activiti_BB.csv,0.592632140950347
spark_BB.csv,agrona_US.csv,0.5862068965517241
spark_BB.csv,androidmaps_US.csv,0.6935483870967742
spark_BB.csv,antennapod_MB.csv,0.5571428571428572
spark_BB.csv,blaze_LB.csv,0.5944921173418479
spark_BB.csv,commons_UB.csv,0.6850299401197605
spark_BB.csv,daqeclipse_LB.csv,0.20747520976353928
spark_BB.csv,dependencycheck_US.csv,0.501187648456057
spark_BB.csv,ebean_LB.csv,0.325653798256538
spark_BB.csv,exoplayer_MB.csv,0.6045340050377834
spark_BB.csv,facebooksdk_BB.csv,0.39253089736700697
spark_BB.csv,flowable_LB.csv,0.6053151768065012
spark_BB.csv,googleauth_LS.csv,0.7167381974248928
spark_BB.csv,gsyvideoplayer_MS.csv,0.5553602811950791
spark_BB.csv,jabref_UB.csv,0.6546644844517185
spark_BB.csv,javacv_MS.csv,0.5031055900621118
spark_BB.csv,jbpm_BB.csv,0.4878048780487805
spark_BB.csv,jmock_LS.csv,0.5009074410163339
spark_BB.csv,k9_UB.csv,0.5389830508474577
spark_BB.csv,metadata_MS.csv,0.5063559322033898
spark_BB.csv,mindustry_MB.csv,0.8117647058823529
spark_BB.csv,modernmt_BS.csv,0.4591194968553459
spark_BB.csv,osmdroid_MB.csv,0.6292372881355932
spark_BB.csv,phonograph_MS.csv,0.6981132075471698
spark_BB.csv,pipeline_US.csv,0.30120481927710846
spark_BB.csv,qlexpress_BS.csv,0.4413793103448276
spark_BB.csv,rxjava_LB.csv,0.9290976857068562
spark_BB.csv,seedstack_BS.csv,0.4533106960950764
spark_BB.csv,sentinel_UB.csv,0.3866446826051113
spark_BB.csv,snowflake_US.csv,0.4331065759637188
spark_BB.csv,springdock_LS.csv,0.772351160443996
spark_BB.csv,stroom_BB.csv,0.5635763151686719
spark_BB.csv,sudachi_BS.csv,0.5895522388059702
spark_BB.csv,talon_UB.csv,0.744776119402985
spark_BB.csv,tessera_BS.csv,0.5170842824601367
spark_BB.csv,thumbnailator_LS.csv,0.4827586206896552
spark_BB.csv,vinyl_MS.csv,0.6534391534391535
spark_BB.csv,yue_LS.csv,0.3806818181818182
spark_BB.csv,zxing_MB.csv,0.5962877030162413
springdock_LS.csv,activiti_BB.csv,0.5349706353443673
springdock_LS.csv,agrona_US.csv,0.5431034482758621
springdock_LS.csv,androidmaps_US.csv,0.6048387096774194
springdock_LS.csv,antennapod_MB.csv,0.5160714285714286
springdock_LS.csv,blaze_LB.csv,0.5322290959888246
springdock_LS.csv,commons_UB.csv,0.5676646706586826
springdock_LS.csv,daqeclipse_LB.csv,0.2795575896262395
springdock_LS.csv,dependencycheck_US.csv,0.505938242280285
springdock_LS.csv,ebean_LB.csv,0.3530510585305106
springdock_LS.csv,exoplayer_MB.csv,0.6040302267002519
springdock_LS.csv,facebooksdk_BB.csv,0.45271359484148305
springdock_LS.csv,flowable_LB.csv,0.5457939819898968
springdock_LS.csv,googleauth_LS.csv,0.6652360515021459
springdock_LS.csv,gsyvideoplayer_MS.csv,0.5254833040421792
springdock_LS.csv,jabref_UB.csv,0.5990180032733224
springdock_LS.csv,javacv_MS.csv,0.5217391304347826
springdock_LS.csv,jbpm_BB.csv,0.4146341463414634
springdock_LS.csv,jmock_LS.csv,0.4664246823956443
springdock_LS.csv,k9_UB.csv,0.5322033898305085
springdock_LS.csv,metadata_MS.csv,0.4576271186440678
springdock_LS.csv,mindustry_MB.csv,0.77
springdock_LS.csv,modernmt_BS.csv,0.4025157232704403
springdock_LS.csv,osmdroid_MB.csv,0.5688559322033898
springdock_LS.csv,phonograph_MS.csv,0.6064690026954178
springdock_LS.csv,pipeline_US.csv,0.3072289156626506
springdock_LS.csv,qlexpress_BS.csv,0.4
springdock_LS.csv,rxjava_LB.csv,0.8327988211840166
springdock_LS.csv,seedstack_BS.csv,0.29711375212224106
springdock_LS.csv,sentinel_UB.csv,0.35614179719703215
springdock_LS.csv,snowflake_US.csv,0.4013605442176871
springdock_LS.csv,spark_BB.csv,0.6866310160427808
springdock_LS.csv,stroom_BB.csv,0.5192262326020288
springdock_LS.csv,sudachi_BS.csv,0.5522388059701493
springdock_LS.csv,talon_UB.csv,0.6611940298507463
springdock_LS.csv,tessera_BS.csv,0.3826879271070615
springdock_LS.csv,thumbnailator_LS.csv,0.5344827586206896
springdock_LS.csv,vinyl_MS.csv,0.582010582010582
springdock_LS.csv,yue_LS.csv,0.24431818181818182
springdock_LS.csv,zxing_MB.csv,0.4988399071925754
stroom_BB.csv,activiti_BB.csv,0.5435130806193272
stroom_BB.csv,agrona_US.csv,0.6077586206896551
stroom_BB.csv,androidmaps_US.csv,0.5806451612903226
stroom_BB.csv,antennapod_MB.csv,0.5214285714285715
stroom_BB.csv,blaze_LB.csv,0.5212532428656955
stroom_BB.csv,commons_UB.csv,0.5676646706586826
stroom_BB.csv,daqeclipse_LB.csv,0.4405034324942792
stroom_BB.csv,dependencycheck_US.csv,0.5463182897862233
stroom_BB.csv,ebean_LB.csv,0.5859277708592777
stroom_BB.csv,exoplayer_MB.csv,0.4926952141057935
stroom_BB.csv,facebooksdk_BB.csv,0.4384739387426115
stroom_BB.csv,flowable_LB.csv,0.5429387217219416
stroom_BB.csv,googleauth_LS.csv,0.51931330472103
stroom_BB.csv,gsyvideoplayer_MS.csv,0.507908611599297
stroom_BB.csv,jabref_UB.csv,0.5335515548281505
stroom_BB.csv,javacv_MS.csv,0.4161490683229814
stroom_BB.csv,jbpm_BB.csv,0.5365853658536586
stroom_BB.csv,jmock_LS.csv,0.52994555353902
stroom_BB.csv,k9_UB.csv,0.536723163841808
stroom_BB.csv,metadata_MS.csv,0.576271186440678
stroom_BB.csv,mindustry_MB.csv,0.7176470588235294
stroom_BB.csv,modernmt_BS.csv,0.5094339622641509
stroom_BB.csv,osmdroid_MB.csv,0.5497881355932204
stroom_BB.csv,phonograph_MS.csv,0.6172506738544474
stroom_BB.csv,pipeline_US.csv,0.46987951807228917
stroom_BB.csv,qlexpress_BS.csv,0.4482758620689655
stroom_BB.csv,rxjava_LB.csv,0.6483487908468406
stroom_BB.csv,seedstack_BS.csv,0.4923599320882852
stroom_BB.csv,sentinel_UB.csv,0.4987633965375103
stroom_BB.csv,snowflake_US.csv,0.46938775510204084
stroom_BB.csv,spark_BB.csv,0.5925133689839572
stroom_BB.csv,springdock_LS.csv,0.5196770938446014
stroom_BB.csv,sudachi_BS.csv,0.4925373134328358
stroom_BB.csv,talon_UB.csv,0.5567164179104478
stroom_BB.csv,tessera_BS.csv,0.5945330296127562
stroom_BB.csv,thumbnailator_LS.csv,0.40229885057471265
stroom_BB.csv,vinyl_MS.csv,0.544973544973545
stroom_BB.csv,yue_LS.csv,0.6079545454545454
stroom_BB.csv,zxing_MB.csv,0.5359628770301624
sudachi_BS.csv,activiti_BB.csv,0.5424452749599573
sudachi_BS.csv,agrona_US.csv,0.5258620689655172
sudachi_BS.csv,androidmaps_US.csv,0.5645161290322581
sudachi_BS.csv,antennapod_MB.csv,0.5142857142857142
sudachi_BS.csv,blaze_LB.csv,0.5611654360407105
sudachi_BS.csv,commons_UB.csv,0.6059880239520958
sudachi_BS.csv,daqeclipse_LB.csv,0.4492753623188406
sudachi_BS.csv,dependencycheck_US.csv,0.6128266033254157
sudachi_BS.csv,ebean_LB.csv,0.4598381070983811
sudachi_BS.csv,exoplayer_MB.csv,0.6302267002518892
sudachi_BS.csv,facebooksdk_BB.csv,0.39709833422890917
sudachi_BS.csv,flowable_LB.csv,0.5486492422578519
sudachi_BS.csv,googleauth_LS.csv,0.6738197424892703
sudachi_BS.csv,gsyvideoplayer_MS.csv,0.5518453427065027
sudachi_BS.csv,jabref_UB.csv,0.5392798690671031
sudachi_BS.csv,javacv_MS.csv,0.5031055900621118
sudachi_BS.csv,jbpm_BB.csv,0.5609756097560976
sudachi_BS.csv,jmock_LS.csv,0.4827586206896552
sudachi_BS.csv,k9_UB.csv,0.5005649717514125
sudachi_BS.csv,metadata_MS.csv,0.5254237288135594
sudachi_BS.csv,mindustry_MB.csv,0.5605882352941176
sudachi_BS.csv,modernmt_BS.csv,0.610062893081761
sudachi_BS.csv,osmdroid_MB.csv,0.5741525423728814
sudachi_BS.csv,phonograph_MS.csv,0.5714285714285714
sudachi_BS.csv,pipeline_US.csv,0.43373493975903615
sudachi_BS.csv,qlexpress_BS.csv,0.6068965517241379
sudachi_BS.csv,rxjava_LB.csv,0.603709803241744
sudachi_BS.csv,seedstack_BS.csv,0.5042444821731749
sudachi_BS.csv,sentinel_UB.csv,0.48557295960428687
sudachi_BS.csv,snowflake_US.csv,0.5215419501133787
sudachi_BS.csv,spark_BB.csv,0.5625668449197861
sudachi_BS.csv,springdock_LS.csv,0.5095862764883956
sudachi_BS.csv,stroom_BB.csv,0.5046001415428167
sudachi_BS.csv,talon_UB.csv,0.6522388059701493
sudachi_BS.csv,tessera_BS.csv,0.4533029612756264
sudachi_BS.csv,thumbnailator_LS.csv,0.5459770114942529
sudachi_BS.csv,vinyl_MS.csv,0.5555555555555556
sudachi_BS.csv,yue_LS.csv,0.6022727272727273
sudachi_BS.csv,zxing_MB.csv,0.5939675174013921
talon_UB.csv,activiti_BB.csv,0.5424452749599573
talon_UB.csv,agrona_US.csv,0.41810344827586204
talon_UB.csv,androidmaps_US.csv,0.6935483870967742
talon_UB.csv,antennapod_MB.csv,0.5196428571428572
talon_UB.csv,blaze_LB.csv,0.5284374376371982
talon_UB.csv,commons_UB.csv,0.5413173652694611
talon_UB.csv,daqeclipse_LB.csv,0.3718535469107552
talon_UB.csv,dependencycheck_US.csv,0.49406175771971494
talon_UB.csv,ebean_LB.csv,0.40971357409713577
talon_UB.csv,exoplayer_MB.csv,0.49974811083123427
talon_UB.csv,facebooksdk_BB.csv,0.47635679742074155
talon_UB.csv,flowable_LB.csv,0.567757522512629
talon_UB.csv,googleauth_LS.csv,0.6437768240343348
talon_UB.csv,gsyvideoplayer_MS.csv,0.5659050966608085
talon_UB.csv,jabref_UB.csv,0.5548281505728314
talon_UB.csv,javacv_MS.csv,0.5217391304347826
talon_UB.csv,jbpm_BB.csv,0.5609756097560976
talon_UB.csv,jmock_LS.csv,0.5444646098003629
talon_UB.csv,k9_UB.csv,0.5525423728813559
talon_UB.csv,metadata_MS.csv,0.4682203389830508
talon_UB.csv,mindustry_MB.csv,0.4294117647058823
talon_UB.csv,modernmt_BS.csv,0.44654088050314467
talon_UB.csv,osmdroid_MB.csv,0.6207627118644068
talon_UB.csv,phonograph_MS.csv,0.601078167115903
talon_UB.csv,pipeline_US.csv,0.3795180722891566
talon_UB.csv,qlexpress_BS.csv,0.47586206896551725
talon_UB.csv,rxjava_LB.csv,0.7423940365779665
talon_UB.csv,seedstack_BS.csv,0.4940577249575552
talon_UB.csv,sentinel_UB.csv,0.39901071723000825
talon_UB.csv,snowflake_US.csv,0.4444444444444444
talon_UB.csv,spark_BB.csv,0.6770053475935829
talon_UB.csv,springdock_LS.csv,0.6581231079717457
talon_UB.csv,stroom_BB.csv,0.47747110167492335
talon_UB.csv,sudachi_BS.csv,0.6044776119402985
talon_UB.csv,tessera_BS.csv,0.4305239179954442
talon_UB.csv,thumbnailator_LS.csv,0.5
talon_UB.csv,vinyl_MS.csv,0.5978835978835979
talon_UB.csv,yue_LS.csv,0.5056818181818182
talon_UB.csv,zxing_MB.csv,0.5406032482598608
tessera_BS.csv,activiti_BB.csv,0.5755472504004271
tessera_BS.csv,agrona_US.csv,0.5818965517241379
tessera_BS.csv,androidmaps_US.csv,0.33064516129032256
tessera_BS.csv,antennapod_MB.csv,0.5125
tessera_BS.csv,blaze_LB.csv,0.5831171422869686
tessera_BS.csv,commons_UB.csv,0.5520958083832336
tessera_BS.csv,daqeclipse_LB.csv,0.6586575133485889
tessera_BS.csv,dependencycheck_US.csv,0.5985748218527316
tessera_BS.csv,ebean_LB.csv,0.549813200498132
tessera_BS.csv,exoplayer_MB.csv,0.44080604534005036
tessera_BS.csv,facebooksdk_BB.csv,0.5080601826974744
tessera_BS.csv,flowable_LB.csv,0.4948385679771579
tessera_BS.csv,googleauth_LS.csv,0.41630901287553645
tessera_BS.csv,gsyvideoplayer_MS.csv,0.5289982425307557
tessera_BS.csv,jabref_UB.csv,0.46317512274959083
tessera_BS.csv,javacv_MS.csv,0.4658385093167702
tessera_BS.csv,jbpm_BB.csv,0.5853658536585366
tessera_BS.csv,jmock_LS.csv,0.5281306715063521
tessera_BS.csv,k9_UB.csv,0.48361581920903957
tessera_BS.csv,metadata_MS.csv,0.6122881355932204
tessera_BS.csv,mindustry_MB.csv,0.43058823529411766
tessera_BS.csv,modernmt_BS.csv,0.6729559748427673
tessera_BS.csv,osmdroid_MB.csv,0.4819915254237288
tessera_BS.csv,phonograph_MS.csv,0.3881401617250674
tessera_BS.csv,pipeline_US.csv,0.6596385542168675
tessera_BS.csv,qlexpress_BS.csv,0.6758620689655173
tessera_BS.csv,rxjava_LB.csv,0.24209066481754354
tessera_BS.csv,seedstack_BS.csv,0.7623089983022071
tessera_BS.csv,sentinel_UB.csv,0.6578730420445177
tessera_BS.csv,snowflake_US.csv,0.562358276643991
tessera_BS.csv,spark_BB.csv,0.3433155080213904
tessera_BS.csv,springdock_LS.csv,0.07588294651866802
tessera_BS.csv,stroom_BB.csv,0.5034206180702996
tessera_BS.csv,sudachi_BS.csv,0.6194029850746269
tessera_BS.csv,talon_UB.csv,0.38656716417910447
tessera_BS.csv,thumbnailator_LS.csv,0.5689655172413793
tessera_BS.csv,vinyl_MS.csv,0.42328042328042326
tessera_BS.csv,yue_LS.csv,0.7727272727272727
tessera_BS.csv,zxing_MB.csv,0.5962877030162413
thumbnailator_LS.csv,activiti_BB.csv,0.5339028296849974
thumbnailator_LS.csv,agrona_US.csv,0.5991379310344828
thumbnailator_LS.csv,androidmaps_US.csv,0.5241935483870968
thumbnailator_LS.csv,antennapod_MB.csv,0.5339285714285714
thumbnailator_LS.csv,blaze_LB.csv,0.533426461784075
thumbnailator_LS.csv,commons_UB.csv,0.6059880239520958
thumbnailator_LS.csv,daqeclipse_LB.csv,0.4797864225781846
thumbnailator_LS.csv,dependencycheck_US.csv,0.5106888361045131
thumbnailator_LS.csv,ebean_LB.csv,0.6033623910336239
thumbnailator_LS.csv,exoplayer_MB.csv,0.581360201511335
thumbnailator_LS.csv,facebooksdk_BB.csv,0.5408382590005374
thumbnailator_LS.csv,flowable_LB.csv,0.5271249725455743
thumbnailator_LS.csv,googleauth_LS.csv,0.51931330472103
thumbnailator_LS.csv,gsyvideoplayer_MS.csv,0.5360281195079086
thumbnailator_LS.csv,jabref_UB.csv,0.5417348608837971
thumbnailator_LS.csv,javacv_MS.csv,0.4906832298136646
thumbnailator_LS.csv,jbpm_BB.csv,0.4634146341463415
thumbnailator_LS.csv,jmock_LS.csv,0.515426497277677
thumbnailator_LS.csv,k9_UB.csv,0.5062146892655367
thumbnailator_LS.csv,metadata_MS.csv,0.5296610169491526
thumbnailator_LS.csv,mindustry_MB.csv,0.6094117647058823
thumbnailator_LS.csv,modernmt_BS.csv,0.6289308176100629
thumbnailator_LS.csv,osmdroid_MB.csv,0.548728813559322
thumbnailator_LS.csv,phonograph_MS.csv,0.5417789757412399
thumbnailator_LS.csv,pipeline_US.csv,0.48493975903614456
thumbnailator_LS.csv,qlexpress_BS.csv,0.5655172413793104
thumbnailator_LS.csv,rxjava_LB.csv,0.5753662130536534
thumbnailator_LS.csv,seedstack_BS.csv,0.5602716468590832
thumbnailator_LS.csv,sentinel_UB.csv,0.5333882934872217
thumbnailator_LS.csv,snowflake_US.csv,0.5011337868480725
thumbnailator_LS.csv,spark_BB.csv,0.5689839572192513
thumbnailator_LS.csv,springdock_LS.csv,0.6141271442986882
thumbnailator_LS.csv,stroom_BB.csv,0.5390422269403161
thumbnailator_LS.csv,sudachi_BS.csv,0.6119402985074627
thumbnailator_LS.csv,talon_UB.csv,0.567910447761194
thumbnailator_LS.csv,tessera_BS.csv,0.5125284738041003
thumbnailator_LS.csv,vinyl_MS.csv,0.5370370370370371
thumbnailator_LS.csv,yue_LS.csv,0.48863636363636365
thumbnailator_LS.csv,zxing_MB.csv,0.5846867749419954
vinyl_MS.csv,activiti_BB.csv,0.5344367325146824
vinyl_MS.csv,agrona_US.csv,0.47844827586206895
vinyl_MS.csv,androidmaps_US.csv,0.6612903225806451
vinyl_MS.csv,antennapod_MB.csv,0.5696428571428571
vinyl_MS.csv,blaze_LB.csv,0.4821392935541808
vinyl_MS.csv,commons_UB.csv,0.6095808383233533
vinyl_MS.csv,daqeclipse_LB.csv,0.2223493516399695
vinyl_MS.csv,dependencycheck_US.csv,0.5439429928741093
vinyl_MS.csv,ebean_LB.csv,0.36114570361145704
vinyl_MS.csv,exoplayer_MB.csv,0.6544080604534005
vinyl_MS.csv,facebooksdk_BB.csv,0.40085975282106395
vinyl_MS.csv,flowable_LB.csv,0.5761036679112673
vinyl_MS.csv,googleauth_LS.csv,0.6866952789699571
vinyl_MS.csv,gsyvideoplayer_MS.csv,0.5430579964850615
vinyl_MS.csv,jabref_UB.csv,0.6194762684124386
vinyl_MS.csv,javacv_MS.csv,0.484472049689441
vinyl_MS.csv,jbpm_BB.csv,0.5853658536585366
vinyl_MS.csv,jmock_LS.csv,0.5226860254083484
vinyl_MS.csv,k9_UB.csv,0.5672316384180791
vinyl_MS.csv,metadata_MS.csv,0.4936440677966102
vinyl_MS.csv,mindustry_MB.csv,0.8105882352941176
vinyl_MS.csv,modernmt_BS.csv,0.5094339622641509
vinyl_MS.csv,osmdroid_MB.csv,0.6567796610169492
vinyl_MS.csv,phonograph_MS.csv,0.7816711590296496
vinyl_MS.csv,pipeline_US.csv,0.3644578313253012
vinyl_MS.csv,qlexpress_BS.csv,0.4482758620689655
vinyl_MS.csv,rxjava_LB.csv,0.8113027650169021
vinyl_MS.csv,seedstack_BS.csv,0.3684210526315789
vinyl_MS.csv,sentinel_UB.csv,0.3907666941467436
vinyl_MS.csv,snowflake_US.csv,0.48072562358276644
vinyl_MS.csv,spark_BB.csv,0.7080213903743315
vinyl_MS.csv,springdock_LS.csv,0.6367305751765893
vinyl_MS.csv,stroom_BB.csv,0.5123849964614295
vinyl_MS.csv,sudachi_BS.csv,0.6492537313432836
vinyl_MS.csv,talon_UB.csv,0.7156716417910448
vinyl_MS.csv,tessera_BS.csv,0.4009111617312073
vinyl_MS.csv,thumbnailator_LS.csv,0.4885057471264368
vinyl_MS.csv,yue_LS.csv,0.3352272727272727
vinyl_MS.csv,zxing_MB.csv,0.5846867749419954
yue_LS.csv,activiti_BB.csv,0.5109450080085425
yue_LS.csv,agrona_US.csv,0.5172413793103449
yue_LS.csv,androidmaps_US.csv,0.20967741935483872
yue_LS.csv,antennapod_MB.csv,0.48392857142857143
yue_LS.csv,blaze_LB.csv,0.5396128517262023
yue_LS.csv,commons_UB.csv,0.3976047904191617
yue_LS.csv,daqeclipse_LB.csv,0.9385964912280702
yue_LS.csv,dependencycheck_US.csv,0.5368171021377672
yue_LS.csv,ebean_LB.csv,0.7297633872976339
yue_LS.csv,exoplayer_MB.csv,0.2916876574307305
yue_LS.csv,facebooksdk_BB.csv,0.5728103170338528
yue_LS.csv,flowable_LB.csv,0.4302657588403251
yue_LS.csv,googleauth_LS.csv,0.2832618025751073
yue_LS.csv,gsyvideoplayer_MS.csv,0.5430579964850615
yue_LS.csv,jabref_UB.csv,0.3469721767594108
yue_LS.csv,javacv_MS.csv,0.5279503105590062
yue_LS.csv,jbpm_BB.csv,0.5609756097560976
yue_LS.csv,jmock_LS.csv,0.5571687840290381
yue_LS.csv,k9_UB.csv,0.4711864406779661
yue_LS.csv,metadata_MS.csv,0.5805084745762712
yue_LS.csv,mindustry_MB.csv,0.23294117647058823
yue_LS.csv,modernmt_BS.csv,0.710691823899371
yue_LS.csv,osmdroid_MB.csv,0.3813559322033898
yue_LS.csv,phonograph_MS.csv,0.2722371967654987
yue_LS.csv,pipeline_US.csv,0.8162650602409639
yue_LS.csv,qlexpress_BS.csv,0.7379310344827587
yue_LS.csv,rxjava_LB.csv,0.05191990985524833
yue_LS.csv,seedstack_BS.csv,0.8573853989813243
yue_LS.csv,sentinel_UB.csv,0.761747732893652
yue_LS.csv,snowflake_US.csv,0.691609977324263
yue_LS.csv,spark_BB.csv,0.22032085561497325
yue_LS.csv,springdock_LS.csv,0.03067608476286579
yue_LS.csv,stroom_BB.csv,0.4826610049539986
yue_LS.csv,sudachi_BS.csv,0.4626865671641791
yue_LS.csv,talon_UB.csv,0.29776119402985074
yue_LS.csv,tessera_BS.csv,0.7539863325740319
yue_LS.csv,thumbnailator_LS.csv,0.5114942528735632
yue_LS.csv,vinyl_MS.csv,0.3253968253968254
yue_LS.csv,zxing_MB.csv,0.4593967517401392
zxing_MB.csv,activiti_BB.csv,0.5584623598505072
zxing_MB.csv,agrona_US.csv,0.4396551724137931
zxing_MB.csv,androidmaps_US.csv,0.532258064516129
zxing_MB.csv,antennapod_MB.csv,0.5303571428571429
zxing_MB.csv,blaze_LB.csv,0.5535821193374576
zxing_MB.csv,commons_UB.csv,0.5868263473053892
zxing_MB.csv,daqeclipse_LB.csv,0.38024408848207475
zxing_MB.csv,dependencycheck_US.csv,0.5510688836104513
zxing_MB.csv,ebean_LB.csv,0.4364881693648817
zxing_MB.csv,exoplayer_MB.csv,0.5863979848866498
zxing_MB.csv,facebooksdk_BB.csv,0.45459430413756047
zxing_MB.csv,flowable_LB.csv,0.5512848671205799
zxing_MB.csv,googleauth_LS.csv,0.6437768240343348
zxing_MB.csv,gsyvideoplayer_MS.csv,0.5588752196836555
zxing_MB.csv,jabref_UB.csv,0.5687397708674304
zxing_MB.csv,javacv_MS.csv,0.4720496894409938
zxing_MB.csv,jbpm_BB.csv,0.6097560975609756
zxing_MB.csv,jmock_LS.csv,0.52994555353902
zxing_MB.csv,k9_UB.csv,0.5288135593220339
zxing_MB.csv,metadata_MS.csv,0.6207627118644068
zxing_MB.csv,mindustry_MB.csv,0.538235294117647
zxing_MB.csv,modernmt_BS.csv,0.5408805031446541
zxing_MB.csv,osmdroid_MB.csv,0.5836864406779662
zxing_MB.csv,phonograph_MS.csv,0.6172506738544474
zxing_MB.csv,pipeline_US.csv,0.4307228915662651
zxing_MB.csv,qlexpress_BS.csv,0.6275862068965518
zxing_MB.csv,rxjava_LB.csv,0.54832278755309
zxing_MB.csv,seedstack_BS.csv,0.4855687606112054
zxing_MB.csv,sentinel_UB.csv,0.4962901896125309
zxing_MB.csv,snowflake_US.csv,0.5034013605442177
zxing_MB.csv,spark_BB.csv,0.5647058823529412
zxing_MB.csv,springdock_LS.csv,0.5477295660948537
zxing_MB.csv,stroom_BB.csv,0.5182826138240151
zxing_MB.csv,sudachi_BS.csv,0.6492537313432836
zxing_MB.csv,talon_UB.csv,0.5462686567164179
zxing_MB.csv,tessera_BS.csv,0.5580865603644647
zxing_MB.csv,thumbnailator_LS.csv,0.603448275862069
zxing_MB.csv,vinyl_MS.csv,0.5925925925925926
zxing_MB.csv,yue_LS.csv,0.5284090909090909
